Compound_ID	Active	Smiles	canonical_smi	Set	Set_type	MW	HBD	HBA	NRB	NR	NAR	PSA	Standard Type	Standard Relation	Standard Units	Standard Value	Assay ChEMBL ID	Assay Description	BAO Label	bits	Group
CHEMBL205893	1	CN1CCN(c2ccc3[nH]c(-c4c(O)nc5cnccc5c4N)nc3c2)CC1	CN1CCN(c2ccc3[nH]c(-c4c(O)nc5cnccc5c4N)nc3c2)CC1	G1 active	G1	375.44	3	7	2	5	4	107.19								<rdkit.DataStructs.cDataStructs.ExplicitBitVect object at 0x00000247149073E0>	G2
CHEMBL204426	1	Nc1c(-c2nc3cc(N4CCOCC4)ccc3[nH]2)c(=O)[nH]c2ccccc12	Nc1c(-c2nc3cc(N4CCOCC4)ccc3[nH]2)c(=O)[nH]c2ccccc12	G1 active	G1	361.41	3	5	2	5	4	100.03								<rdkit.DataStructs.cDataStructs.ExplicitBitVect object at 0x00000247149069D0>	G2
CHEMBL204727	1	Nc1c(-c2nc3ccc[nH]c-3n2)c(O)nc2ccccc12	Nc1c(-c2nc3ccc[nH]c-3n2)c(O)nc2ccccc12	G1 active	G1	277.29	3	5	1	4	4	100.71								<rdkit.DataStructs.cDataStructs.ExplicitBitVect object at 0x0000024714906570>	G2
CHEMBL524453	1	COC(=O)c1ccc2c(c1)NC(=O)/C2=C(\Nc1ccc(N(C)C(=O)Cn2ccnc2)cc1)c1ccccc1	COC(=O)c1ccc2c(c1)NC(=O)/C2=C(\Nc1ccc(N(C)C(=O)Cn2ccnc2)cc1)c1ccccc1	G1 active	G1	507.55	2	6	7	5	4	105.56								<rdkit.DataStructs.cDataStructs.ExplicitBitVect object at 0x0000024714906490>	G2
CHEMBL208600	1	CN1CCN(c2ccc3[nH]c(-c4[nH]nc5ccccc45)nc3c2)CC1	CN1CCN(c2ccc3[nH]c(-c4[nH]nc5ccccc45)nc3c2)CC1	G1 active	G1	332.41	2	4	2	5	4	63.84								<rdkit.DataStructs.cDataStructs.ExplicitBitVect object at 0x0000024714904660>	G2
CHEMBL425247	1	c1ccc(COc2cccc3[nH]nc(-c4nc5cc(N6CCC(N7CCCCC7)CC6)ccc5[nH]4)c23)cc1	c1ccc(COc2cccc3[nH]nc(-c4nc5cc(N6CCC(N7CCCCC7)CC6)ccc5[nH]4)c23)cc1	G1 active	G1	506.65	2	5	6	7	5	73.07								<rdkit.DataStructs.cDataStructs.ExplicitBitVect object at 0x00000247149066C0>	G2
CHEMBL56983	1	CCN(CC)CCCCNc1ncc2cc(-c3c(Cl)cccc3Cl)c(NC(=O)Nc3ccccc3)nc2n1	CCN(CC)CCCCNc1ncc2cc(-c3c(Cl)cccc3Cl)c(NC(=O)Nc3ccccc3)nc2n1	G1 active	G1	552.51	3	6	11	4	4	95.07								<rdkit.DataStructs.cDataStructs.ExplicitBitVect object at 0x00000247149058C0>	G2
CHEMBL526285	1	O=c1[nH]c2ccccc2c(NCC2CCNCC2)c1-c1nc2ccccc2[nH]1	O=c1[nH]c2ccccc2c(NCC2CCNCC2)c1-c1nc2ccccc2[nH]1	G1 active	G1	373.46	4	4	4	5	4	85.6								<rdkit.DataStructs.cDataStructs.ExplicitBitVect object at 0x00000247149052A0>	G2
CHEMBL211708	1	c1ccc2c(-c3nc4c(N5CCOCC5)cccc4[nH]3)[nH]nc2c1	c1ccc2c(-c3nc4c(N5CCOCC5)cccc4[nH]3)[nH]nc2c1	G1 active	G1	319.37	2	4	2	5	4	69.83								<rdkit.DataStructs.cDataStructs.ExplicitBitVect object at 0x0000024714905E70>	G2
CHEMBL191023	1	CCN(CC)CCCCNc1cc2nc(NC(=O)NC(C)(C)C)c(-c3cc(OC)cc(OC)c3)cc2cn1	CCN(CC)CCCCNc1cc2nc(NC(=O)NC(C)(C)C)c(-c3cc(OC)cc(OC)c3)cc2cn1	G2 active	Train	522.69	3	7	12	3	3	100.64								<rdkit.DataStructs.cDataStructs.ExplicitBitVect object at 0x0000024714905FC0>	G2
CHEMBL378024	1	CC(C)(C)NC(=O)Nc1ccc2[nH]nc(-c3nc4cc(N5CCC(N6CCCCC6)CC5)ccc4[nH]3)c2c1	CC(C)(C)NC(=O)Nc1ccc2[nH]nc(-c3nc4cc(N5CCC(N6CCCCC6)CC5)ccc4[nH]3)c2c1	G2 active	Train	514.68	4	5	4	6	4	104.97								<rdkit.DataStructs.cDataStructs.ExplicitBitVect object at 0x00000247149054D0>	G2
CHEMBL495749	1	CN1CCCC(Oc2cccc3[nH]c(=O)c(-c4nc5ccccc5[nH]4)c(N)c23)C1	CN1CCCC(Oc2cccc3[nH]c(=O)c(-c4nc5ccccc5[nH]4)c(N)c23)C1	G2 active	Train	389.46	3	5	3	5	4	100.03								<rdkit.DataStructs.cDataStructs.ExplicitBitVect object at 0x00000247149057E0>	G2
CHEMBL377230	1	FC(F)(F)c1ccc2c(-c3nc4cc(N5CCC(N6CCCCC6)CC5)ccc4[nH]3)[nH]nc2c1	FC(F)(F)c1ccc2c(-c3nc4cc(N5CCC(N6CCCCC6)CC5)ccc4[nH]3)[nH]nc2c1	G2 active	Train	468.53	2	4	3	6	4	63.84								<rdkit.DataStructs.cDataStructs.ExplicitBitVect object at 0x00000247149042E0>	G2
CHEMBL495762	1	CN1CCN(c2ccc3[nH]c(-c4c(N)c5c(Cl)cccc5[nH]c4=O)nc3c2)CC1	CN1CCN(c2ccc3[nH]c(-c4c(N)c5c(Cl)cccc5[nH]c4=O)nc3c2)CC1	G2 active	Train	408.89	3	5	2	5	4	94.04								<rdkit.DataStructs.cDataStructs.ExplicitBitVect object at 0x0000024714904270>	G2
CHEMBL495962	1	CN(C)CC(=O)N(C)c1ccc2[nH]c(-c3c(N)c4ccccc4[nH]c3=O)nc2c1	CN(C)CC(=O)N(C)c1ccc2[nH]c(-c3c(N)c4ccccc4[nH]c3=O)nc2c1	G2 active	Train	390.45	3	5	4	4	4	111.11								<rdkit.DataStructs.cDataStructs.ExplicitBitVect object at 0x0000024714904200>	G2
CHEMBL189584	1	CCN(CC)CCCCNc1ncc2cc(-c3cc(OC)cc(OC)c3)c(NC(=O)NC(C)(C)C)nc2n1	CCN(CC)CCCCNc1ncc2cc(-c3cc(OC)cc(OC)c3)c(NC(=O)NC(C)(C)C)nc2n1	G2 active	Train	523.68	3	8	12	3	3	113.53								<rdkit.DataStructs.cDataStructs.ExplicitBitVect object at 0x0000024714904120>	G2
CHEMBL495735	1	CN1CCN(c2ccc3[nH]c(-c4c(N)c5cc(NCc6ccccc6)ccc5[nH]c4=O)nc3c2)CC1	CN1CCN(c2ccc3[nH]c(-c4c(N)c5cc(NCc6ccccc6)ccc5[nH]c4=O)nc3c2)CC1	G2 active	Train	479.59	4	6	5	6	5	106.07								<rdkit.DataStructs.cDataStructs.ExplicitBitVect object at 0x0000024714907C30>	G2
CHEMBL495961	1	CN1CCN(Cc2ccc3[nH]c(-c4c(N)c5ccccc5[nH]c4=O)nc3c2)CC1	CN1CCN(Cc2ccc3[nH]c(-c4c(N)c5ccccc5[nH]c4=O)nc3c2)CC1	G2 active	Train	388.48	3	5	3	5	4	94.04								<rdkit.DataStructs.cDataStructs.ExplicitBitVect object at 0x0000024714907990>	G2
CHEMBL383618	1	Nc1c(-c2nc3ccccc3[nH]2)c(O)nc2cnccc12	Nc1c(-c2nc3ccccc3[nH]2)c(O)nc2cnccc12	G2 active	Train	277.29	3	5	1	4	4	100.71								<rdkit.DataStructs.cDataStructs.ExplicitBitVect object at 0x0000024714907840>	G2
CHEMBL498214	1	CN1CCN(C(=O)c2ccc3[nH]c(-c4c(N)c5ccccc5[nH]c4=O)nc3c2)CC1	CN1CCN(C(=O)c2ccc3[nH]c(-c4c(N)c5ccccc5[nH]c4=O)nc3c2)CC1	G2 active	Train	402.46	3	5	2	5	4	111.11								<rdkit.DataStructs.cDataStructs.ExplicitBitVect object at 0x00000247149077D0>	G2
CHEMBL526507	1	CN1CCN(c2ccc3[nH]c(-c4c(N)c5cc(C(=O)NCc6ccccc6)ccc5[nH]c4=O)nc3c2)CC1	CN1CCN(c2ccc3[nH]c(-c4c(N)c5cc(C(=O)NCc6ccccc6)ccc5[nH]c4=O)nc3c2)CC1	G2 active	Train	507.6	4	6	5	6	5	123.14								<rdkit.DataStructs.cDataStructs.ExplicitBitVect object at 0x00000247149076F0>	G2
CHEMBL522892	1	CN1CCN(c2ccc3nc(-c4c(N)c5c(F)cccc5[nH]c4=O)[nH]c3c2)CC1	CN1CCN(c2ccc3nc(-c4c(N)c5c(F)cccc5[nH]c4=O)[nH]c3c2)CC1	G2 active	Train	392.44	3	5	2	5	4	94.04								<rdkit.DataStructs.cDataStructs.ExplicitBitVect object at 0x00000247149070D0>	G2
CHEMBL211662	1	c1ccc(Oc2ccc3n[nH]c(-c4nc5cc(N6CCC(N7CCCCC7)CC6)ccc5[nH]4)c3c2)cc1	c1ccc(Oc2ccc3n[nH]c(-c4nc5cc(N6CCC(N7CCCCC7)CC6)ccc5[nH]4)c3c2)cc1	G2 active	Train	492.63	2	5	5	7	5	73.07								<rdkit.DataStructs.cDataStructs.ExplicitBitVect object at 0x0000024714906A40>	G2
CHEMBL379108	1	c1cc2[nH]nc(-c3nc4cc(N5CCC(N6CCCCC6)CC5)ccc4[nH]3)c2cc1NCC1CCCCC1	c1cc2[nH]nc(-c3nc4cc(N5CCC(N6CCCCC6)CC5)ccc4[nH]3)c2cc1NCC1CCCCC1	G2 active	Train	511.72	3	5	6	7	4	75.87								<rdkit.DataStructs.cDataStructs.ExplicitBitVect object at 0x0000024714906880>	G2
CHEMBL525909	1	COC(=O)c1ccc2c(c1)NC(=O)/C2=C(\Nc1ccc(N(CCCN(C)C)C(C)=O)cc1)c1ccccc1	COC(=O)c1ccc2c(c1)NC(=O)/C2=C(\Nc1ccc(N(CCCN(C)C)C(C)=O)cc1)c1ccccc1	G2 active	Train	512.61	2	6	9	4	3	90.98								<rdkit.DataStructs.cDataStructs.ExplicitBitVect object at 0x0000024714906340>	G2
CHEMBL212429	1	CN1CCC(N(C)c2ccc3[nH]c(-c4[nH]nc5ccccc45)nc3c2)CC1	CN1CCC(N(C)c2ccc3[nH]c(-c4[nH]nc5ccccc45)nc3c2)CC1	G2 active	Train	360.47	2	4	3	5	4	63.84								<rdkit.DataStructs.cDataStructs.ExplicitBitVect object at 0x0000024714905AF0>	G2
CHEMBL496150	1	CN(C)[C@H]1CCN(c2ccc3[nH]c(-c4c(N)c5ccccc5[nH]c4=O)nc3c2)C1	CN(C)[C@H]1CCN(c2ccc3[nH]c(-c4c(N)c5ccccc5[nH]c4=O)nc3c2)C1	G2 active	Train	388.48	3	5	3	5	4	94.04								<rdkit.DataStructs.cDataStructs.ExplicitBitVect object at 0x0000024714905A80>	G2
CHEMBL526658	1	Nc1c(-c2nc3cc(OCCN4CCOCC4)ccc3[nH]2)c(=O)[nH]c2ccccc12	Nc1c(-c2nc3cc(OCCN4CCOCC4)ccc3[nH]2)c(=O)[nH]c2ccccc12	G2 active	Train	405.46	3	6	5	5	4	109.26								<rdkit.DataStructs.cDataStructs.ExplicitBitVect object at 0x0000024714905A10>	G2
CHEMBL209704	1	c1ccc(COc2ccc3c(-c4nc5cc(N6CCC(N7CCCCC7)CC6)ccc5[nH]4)[nH]nc3c2)cc1	c1ccc(COc2ccc3c(-c4nc5cc(N6CCC(N7CCCCC7)CC6)ccc5[nH]4)[nH]nc3c2)cc1	G2 active	Train	506.65	2	5	6	7	5	73.07								<rdkit.DataStructs.cDataStructs.ExplicitBitVect object at 0x0000024714905930>	G2
CHEMBL425876	1	COc1cc(OC)cc(-c2cc3cnc(NCCCN4CCOCC4)nc3nc2NC(=O)NC(C)(C)C)c1	COc1cc(OC)cc(-c2cc3cnc(NCCCN4CCOCC4)nc3nc2NC(=O)NC(C)(C)C)c1	G2 active	Train	523.64	3	9	9	4	3	122.76								<rdkit.DataStructs.cDataStructs.ExplicitBitVect object at 0x0000024714904F20>	G2
CHEMBL431942	1	CN1CCN(CCCCNc2ncc3cc(-c4c(Cl)cccc4Cl)c(NC(=O)NC(C)(C)C)nc3n2)CC1	CN1CCN(CCCCNc2ncc3cc(-c4c(Cl)cccc4Cl)c(NC(=O)NC(C)(C)C)nc3n2)CC1	G2 active	Train	559.55	3	7	8	4	3	98.31								<rdkit.DataStructs.cDataStructs.ExplicitBitVect object at 0x00000247149045F0>	G2
CHEMBL323775	1	Cn1c(=O)c(-c2c(Cl)cccc2Cl)cc2cnc(Nc3ccc(OCCN4CCCCC4)cc3)nc21	Cn1c(=O)c(-c2c(Cl)cccc2Cl)cc2cnc(Nc3ccc(OCCN4CCCCC4)cc3)nc21	G2 active	Train	524.45	1	6	7	5	4	72.28								<rdkit.DataStructs.cDataStructs.ExplicitBitVect object at 0x0000024714904430>	G2
CHEMBL104414	1	CN1CCN(c2ccc(Nc3cc4c(cn3)cc(-c3c(Cl)cccc3Cl)c(=O)n4C)cc2)CC1	CN1CCN(c2ccc(Nc3cc4c(cn3)cc(-c3c(Cl)cccc3Cl)c(=O)n4C)cc2)CC1	G2 active	Train	494.43	1	5	4	5	4	53.4								<rdkit.DataStructs.cDataStructs.ExplicitBitVect object at 0x00000247149043C0>	G2
CHEMBL293132	1	CCN(CC)CCCCNc1ncc2cc(-c3c(Cl)cccc3Cl)c(NC(=O)NC3CCCCC3)nc2n1	CCN(CC)CCCCNc1ncc2cc(-c3c(Cl)cccc3Cl)c(NC(=O)NC3CCCCC3)nc2n1	G2 active	Train	558.56	3	6	11	4	3	95.07								<rdkit.DataStructs.cDataStructs.ExplicitBitVect object at 0x0000024714907F40>	G2
CHEMBL205405	1	CN1CCN(c2ccc3[nH]c(-c4c(O)nc5cccnc5c4N)nc3c2)CC1	CN1CCN(c2ccc3[nH]c(-c4c(O)nc5cccnc5c4N)nc3c2)CC1	G2 active	Train	375.44	3	7	2	5	4	107.19								<rdkit.DataStructs.cDataStructs.ExplicitBitVect object at 0x0000024714907ED0>	G2
CHEMBL193136	1	CONC(=O)c1cc(Nc2ncnn3cc(-c4n[nH]c(C)n4)c(C(C)C)c23)c(F)cc1F	CONC(=O)c1cc(Nc2ncnn3cc(-c4n[nH]c(C)n4)c(C(C)C)c23)c(F)cc1F	G2 active	Train	442.43	3	7	6	4	4	122.12								<rdkit.DataStructs.cDataStructs.ExplicitBitVect object at 0x0000024714907E60>	G2
CHEMBL370266	1	CONC(=O)c1cc(Nc2ncnn3cc(NC(=O)OCC4CCCO4)c(C(C)C)c23)c(F)cc1F	CONC(=O)c1cc(Nc2ncnn3cc(NC(=O)OCC4CCCO4)c(C(C)C)c23)c(F)cc1F	G2 active	Train	504.49	3	8	8	4	3	128.11								<rdkit.DataStructs.cDataStructs.ExplicitBitVect object at 0x0000024714907DF0>	G2
CHEMBL432314	1	CCN(CC)CCOc1ccc(Nc2ncc3cc(-c4c(Cl)cccc4Cl)c(NC(=O)NC(C)(C)C)nc3n2)cc1	CCN(CC)CCOc1ccc(Nc2ncc3cc(-c4c(Cl)cccc4Cl)c(NC(=O)NC(C)(C)C)nc3n2)cc1	G2 active	Train	596.56	3	7	10	4	4	104.3								<rdkit.DataStructs.cDataStructs.ExplicitBitVect object at 0x0000024714907D80>	G2
CHEMBL195218	1	CONC(=O)c1cc(Nc2ncnn3cc(NC(=O)OCCCS(C)(=O)=O)c(C(C)C)c23)c(F)cc1F	CONC(=O)c1cc(Nc2ncnn3cc(NC(=O)OCCCS(C)(=O)=O)c(C(C)C)c23)c(F)cc1F	G2 active	Train	540.55	3	9	10	3	3	153.02								<rdkit.DataStructs.cDataStructs.ExplicitBitVect object at 0x0000024714907A70>	G2
CHEMBL51485	1	CN1CCN(CCCNc2ncc3cc(-c4c(Cl)cccc4Cl)c(NC(=O)NCc4ccccc4)nc3n2)CC1	CN1CCN(CCCNc2ncc3cc(-c4c(Cl)cccc4Cl)c(NC(=O)NCc4ccccc4)nc3n2)CC1	G2 active	Train	579.54	3	7	9	5	4	98.31								<rdkit.DataStructs.cDataStructs.ExplicitBitVect object at 0x0000024714907A00>	G2
CHEMBL60979	1	COc1cccc(NC(=O)Nc2nc3nc(NCCCN4CCN(C)CC4)ncc3cc2-c2c(Cl)cccc2Cl)c1	COc1cccc(NC(=O)Nc2nc3nc(NCCCN4CCN(C)CC4)ncc3cc2-c2c(Cl)cccc2Cl)c1	G2 active	Train	595.54	3	8	9	5	4	107.54								<rdkit.DataStructs.cDataStructs.ExplicitBitVect object at 0x0000024714907920>	G2
CHEMBL368189	1	CN1CCN(CCCNc2ncc3cc(-c4c(Cl)cccc4Cl)c(NS(=O)(=O)c4ccccc4)nc3n2)CC1	CN1CCN(CCCNc2ncc3cc(-c4c(Cl)cccc4Cl)c(NS(=O)(=O)c4ccccc4)nc3n2)CC1	G2 active	Train	586.55	2	8	9	5	4	103.35								<rdkit.DataStructs.cDataStructs.ExplicitBitVect object at 0x0000024714907530>	G2
CHEMBL143147	1	CC(C)n1c(=O)ccc2cnc(Nc3ccc(N4CCN(C)CC4)cc3)nc21	CC(C)n1c(=O)ccc2cnc(Nc3ccc(N4CCN(C)CC4)cc3)nc21	G2 active	Train	378.48	1	6	4	4	3	66.29								<rdkit.DataStructs.cDataStructs.ExplicitBitVect object at 0x00000247149074C0>	G2
CHEMBL190281	1	O=c1c(Br)cc2cnc(Nc3ccc(N4CCNCC4)cc3)nc2n1C1CCCC1	O=c1c(Br)cc2cnc(Nc3ccc(N4CCNCC4)cc3)nc2n1C1CCCC1	G2 active	Train	469.39	2	6	4	5	3	75.08								<rdkit.DataStructs.cDataStructs.ExplicitBitVect object at 0x0000024714907450>	G2
CHEMBL313821	1	COc1ccccc1-c1ccc2c(c1)NC(=O)/C2=C\c1[nH]c2c(c1CCC(=O)O)CCCC2	COc1ccccc1-c1ccc2c(c1)NC(=O)/C2=C\c1[nH]c2c(c1CCC(=O)O)CCCC2	G2 active	Train	442.52	3	4	6	5	3	91.42								<rdkit.DataStructs.cDataStructs.ExplicitBitVect object at 0x0000024714907370>	G2
CHEMBL107676	1	CCN(CC)CCCCNc1cc2c(cn1)cc(-c1c(Cl)cccc1Cl)c(=O)n2C	CCN(CC)CCCCNc1cc2c(cn1)cc(-c1c(Cl)cccc1Cl)c(=O)n2C	G2 active	Train	447.41	1	4	9	3	3	50.16								<rdkit.DataStructs.cDataStructs.ExplicitBitVect object at 0x00000247149071B0>	G2
CHEMBL291759	1	CCOC(=O)CN1CCN(CCCc2c(/C=C3\C(=O)Nc4ccc(S(=O)(=O)NC)cc43)[nH]c3c2CCCC3)CC1	CCOC(=O)CN1CCN(CCCc2c(/C=C3\C(=O)Nc4ccc(S(=O)(=O)NC)cc43)[nH]c3c2CCCC3)CC1	G2 active	Train	569.73	3	7	10	5	2	123.84								<rdkit.DataStructs.cDataStructs.ExplicitBitVect object at 0x0000024714906FF0>	G2
CHEMBL208775	1	c1ccc2c(-c3nc4cc(OCCCN5CCCC5)ccc4[nH]3)[nH]nc2c1	c1ccc2c(-c3nc4cc(OCCCN5CCCC5)ccc4[nH]3)[nH]nc2c1	G2 active	Train	361.45	2	4	6	5	4	69.83								<rdkit.DataStructs.cDataStructs.ExplicitBitVect object at 0x0000024714906F80>	G2
CHEMBL381283	1	Nc1c(-c2nc3cc(N4CCOCC4)ccc3[nH]2)c(O)nc2ccncc12	Nc1c(-c2nc3cc(N4CCOCC4)ccc3[nH]2)c(O)nc2ccncc12	G2 active	Train	362.39	3	7	2	5	4	113.18								<rdkit.DataStructs.cDataStructs.ExplicitBitVect object at 0x0000024714906960>	G2
CHEMBL301143	1	CNS(=O)(=O)c1ccc2c(c1)/C(=C/c1[nH]c3c(c1CN1CCOCC1)CCCC3)C(=O)N2	CNS(=O)(=O)c1ccc2c(c1)/C(=C/c1[nH]c3c(c1CN1CCOCC1)CCCC3)C(=O)N2	G2 active	Train	456.57	3	5	5	5	2	103.53								<rdkit.DataStructs.cDataStructs.ExplicitBitVect object at 0x00000247149062D0>	G2
CHEMBL106953	1	Cn1c(=O)c(-c2c(Cl)cccc2Cl)cc2cnc(NCCCn3ccnc3)cc21	Cn1c(=O)c(-c2c(Cl)cccc2Cl)cc2cnc(NCCCn3ccnc3)cc21	G2 active	Train	428.32	1	4	6	4	4	64.74								<rdkit.DataStructs.cDataStructs.ExplicitBitVect object at 0x0000024714906260>	G2
CHEMBL378003	1	c1ccc2c(-c3nc4cc(-n5ccnc5)ccc4[nH]3)[nH]nc2c1	c1ccc2c(-c3nc4cc(-n5ccnc5)ccc4[nH]3)[nH]nc2c1	G2 active	Train	300.33	2	3	2	5	5	75.18								<rdkit.DataStructs.cDataStructs.ExplicitBitVect object at 0x0000024714906110>	G2
CHEMBL209265	1	CN1CCN(Cc2ccc3[nH]c(-c4[nH]nc5ccccc45)nc3c2)CC1	CN1CCN(Cc2ccc3[nH]c(-c4[nH]nc5ccccc45)nc3c2)CC1	G2 active	Train	346.44	2	4	3	5	4	63.84								<rdkit.DataStructs.cDataStructs.ExplicitBitVect object at 0x00000247149060A0>	G2
CHEMBL417208	1	CN1CCN(CCCNc2ncc3cc(-c4c(Cl)cccc4Cl)c(/N=C(/S)Nc4ccccc4)nc3n2)CC1	CN1CCN(CCCNc2ncc3cc(-c4c(Cl)cccc4Cl)c(/N=C(/S)Nc4ccccc4)nc3n2)CC1	G2 active	Train	581.58	3	7	8	5	4	81.57								<rdkit.DataStructs.cDataStructs.ExplicitBitVect object at 0x0000024714905E00>	G2
CHEMBL190866	1	COc1cc(OC)cc(-c2cc3cnc(N(CCCOCc4ccccc4)C(C)=O)cc3nc2NC(=O)NC(C)(C)C)c1	COc1cc(OC)cc(-c2cc3cnc(N(CCCOCc4ccccc4)C(C)=O)cc3nc2NC(=O)NC(C)(C)C)c1	G2 active	Train	585.71	2	7	11	4	4	114.91								<rdkit.DataStructs.cDataStructs.ExplicitBitVect object at 0x0000024714905D20>	G2
CHEMBL419914	1	CCN(CC)CCCOc1ccc(Nc2cc3nc(O)c(-c4c(Cl)cccc4Cl)cc3cn2)cc1	CCN(CC)CCCOc1ccc(Nc2cc3nc(O)c(-c4c(Cl)cccc4Cl)cc3cn2)cc1	G2 active	Train	511.45	2	6	10	4	4	70.51								<rdkit.DataStructs.cDataStructs.ExplicitBitVect object at 0x0000024714905850>	G2
CHEMBL298566	1	CCS(=O)(=O)c1ccc2c(c1)/C(=C/c1[nH]c3c(c1CCCN1CCC(O)CC1)CCCC3)C(=O)N2	CCS(=O)(=O)c1ccc2c(c1)/C(=C/c1[nH]c3c(c1CCCN1CCC(O)CC1)CCCC3)C(=O)N2	G2 active	Train	497.66	3	5	7	5	2	102.5								<rdkit.DataStructs.cDataStructs.ExplicitBitVect object at 0x0000024714905770>	G2
CHEMBL253292	1	CCN(CC)CCOc1ccc(Nc2cc(NC(=O)Nc3c(Cl)cccc3Cl)ncn2)cc1	CCN(CC)CCOc1ccc(Nc2cc(NC(=O)Nc3c(Cl)cccc3Cl)ncn2)cc1	G2 active	Train	489.41	3	6	10	3	3	91.41								<rdkit.DataStructs.cDataStructs.ExplicitBitVect object at 0x0000024714905700>	G2
CHEMBL336093	1	Nc1ncc2cc(-c3c(Cl)cccc3Cl)c(=O)n(Cc3ccncc3)c2n1	Nc1ncc2cc(-c3c(Cl)cccc3Cl)c(=O)n(Cc3ccncc3)c2n1	G2 active	Train	398.25	1	5	3	4	4	86.69								<rdkit.DataStructs.cDataStructs.ExplicitBitVect object at 0x0000024714905620>	G2
CHEMBL495530	1	CN1CCN(c2ccc3[nH]c(-c4c(N)c5cc(NC(=O)c6ccccc6)ccc5[nH]c4=O)nc3c2)CC1	CN1CCN(c2ccc3[nH]c(-c4c(N)c5cc(NC(=O)c6ccccc6)ccc5[nH]c4=O)nc3c2)CC1	G2 active	Train	493.57	4	6	4	6	5	123.14								<rdkit.DataStructs.cDataStructs.ExplicitBitVect object at 0x00000247149055B0>	G2
CHEMBL190980	1	CONC(=O)c1cc(Nc2ncnn3cc(-c4nnc(C5CC5)o4)c(C(C)C)c23)c(F)cc1F	CONC(=O)c1cc(Nc2ncnn3cc(-c4nnc(C5CC5)o4)c(C(C)C)c23)c(F)cc1F	G2 active	Test	469.45	2	8	7	5	4	119.47								<rdkit.DataStructs.cDataStructs.ExplicitBitVect object at 0x0000024714905540>	G2
CHEMBL370515	1	CONC(=O)c1cc(Nc2ncnn3cc(-c4nc(C)no4)c(C(C)C)c23)c(F)cc1F	CONC(=O)c1cc(Nc2ncnn3cc(-c4nc(C)no4)c(C(C)C)c23)c(F)cc1F	G2 active	Test	443.41	2	8	6	4	4	119.47								<rdkit.DataStructs.cDataStructs.ExplicitBitVect object at 0x00000247149053F0>	G2
CHEMBL51283	1	CN1CCN(c2ccc(Nc3ncc4cc(-c5c(Cl)cccc5Cl)c(=O)n(C)c4n3)cc2)CC1	CN1CCN(c2ccc(Nc3ncc4cc(-c5c(Cl)cccc5Cl)c(=O)n(C)c4n3)cc2)CC1	G2 active	Test	495.41	1	6	4	5	4	66.29								<rdkit.DataStructs.cDataStructs.ExplicitBitVect object at 0x00000247149051C0>	G2
CHEMBL301612	1	Cn1c(=O)c(-c2c(Cl)cccc2Cl)cc2cnc(Nc3ccccc3)nc21	Cn1c(=O)c(-c2c(Cl)cccc2Cl)cc2cnc(Nc3ccccc3)nc21	G2 active	Test	397.27	1	4	3	4	4	59.81								<rdkit.DataStructs.cDataStructs.ExplicitBitVect object at 0x0000024714905150>	G2
CHEMBL104071	1	CN1CCN(CCCOc2ccc(Nc3cc4c(cn3)cc(-c3c(Cl)cccc3Cl)c(=O)n4C)cc2)CC1	CN1CCN(CCCOc2ccc(Nc3cc4c(cn3)cc(-c3c(Cl)cccc3Cl)c(=O)n4C)cc2)CC1	G2 active	Test	552.51	1	6	8	5	4	62.63								<rdkit.DataStructs.cDataStructs.ExplicitBitVect object at 0x0000024714904DD0>	G2
CHEMBL187396	1	COc1cc(OC)cc(-c2cc3cnc(NCCCCN4CCOCC4)cc3nc2NC(=O)NC(C)(C)C)c1	COc1cc(OC)cc(-c2cc3cnc(NCCCCN4CCOCC4)cc3nc2NC(=O)NC(C)(C)C)c1	G2 active	Train	536.68	3	8	10	4	3	109.87								<rdkit.DataStructs.cDataStructs.ExplicitBitVect object at 0x0000024714904D60>	G2
CHEMBL104244	1	CN1CCN(CCCCNc2ncc3cc(-c4c(Cl)cccc4Cl)c(=O)n(C)c3n2)CC1	CN1CCN(CCCCNc2ncc3cc(-c4c(Cl)cccc4Cl)c(=O)n(C)c3n2)CC1	G2 active	Train	475.42	1	6	7	4	3	66.29								<rdkit.DataStructs.cDataStructs.ExplicitBitVect object at 0x0000024714904CF0>	G2
CHEMBL190405	1	COc1cc(OC)cc(-c2cc3cnc(NCCCCCOc4ccccc4)cc3nc2NC(=O)NC(C)(C)C)c1	COc1cc(OC)cc(-c2cc3cnc(NCCCCCOc4ccccc4)cc3nc2NC(=O)NC(C)(C)C)c1	G1 active	G1	557.7	3	7	12	4	4	106.63								<rdkit.DataStructs.cDataStructs.ExplicitBitVect object at 0x0000024714904C80>	G2
CHEMBL108013	1	CN1CCN(CCCNc2cc3c(cn2)cc(-c2c(Cl)cccc2Cl)c(=O)n3C)CC1	CN1CCN(CCCNc2cc3c(cn2)cc(-c2c(Cl)cccc2Cl)c(=O)n3C)CC1	G2 active	Train	460.41	1	5	6	4	3	53.4								<rdkit.DataStructs.cDataStructs.ExplicitBitVect object at 0x0000024714904AC0>	G2
C03642088	0	O[C@H](C[NH2+]C[C@H](O)Cn1c2ccccc2c2ccccc21)Cn1c2ccccc2c2ccccc21	O[C@@H](C[NH2+]C[C@@H](O)Cn1c2ccccc2c2ccccc21)Cn1c2ccccc2c2ccccc21	G2 inactive	Train	464.59	3	2	8	6	6	66.93								<rdkit.DataStructs.cDataStructs.ExplicitBitVect object at 0x00000247148BC890>	G2
C61823615	0	O=C([O-])[C@@H](CO)NC(=O)N1CCC2(CCCCC2)CC1	O=C([O-])[C@@H](CO)NC(=O)N1CCC2(CCCCC2)CC1	G2 inactive	Train	283.35	2	4	3	2	0	92.7								<rdkit.DataStructs.cDataStructs.ExplicitBitVect object at 0x00000247148BEF10>	G2
C03897361	0	O=C1CCC(=O)NCC(=O)NCCCCCCNC(=O)CN1	O=C1CCC(=O)NCC(=O)NCCCCCCNC(=O)CN1	G2 inactive	Train	312.37	4	4	0	1	0	116.4								<rdkit.DataStructs.cDataStructs.ExplicitBitVect object at 0x00000247148BDBD0>	G2
C21056141	0	Cc1ccc[nH]/c1=N\S(=O)(=O)c1ccc(NN)nc1	Cc1ccc[nH]/c1=N\S(=O)(=O)c1ccc(NN)nc1	G2 inactive	Train	279.32	3	5	3	2	2	113.23								<rdkit.DataStructs.cDataStructs.ExplicitBitVect object at 0x00000247148BCDD0>	G2
C61814710	0	NC(=[NH2+])c1cc(Sc2nccc([O-])n2)ccn1	NC(=[NH2+])c1cc(Sc2nccc([O-])n2)ccn1	G2 inactive	Train	247.28	2	6	3	2	2	113.34								<rdkit.DataStructs.cDataStructs.ExplicitBitVect object at 0x00000247148BC9E0>	G2
C37745254	0	O=S(=O)([N-]c1ccc(C#CCO)cc1F)c1cn[nH]c1	O=S(=O)([N-]c1ccc(C#CCO)cc1F)c1cn[nH]c1	G2 inactive	Train	294.29	2	4	3	2	2	97.15								<rdkit.DataStructs.cDataStructs.ExplicitBitVect object at 0x00000247148BC970>	G2
C05664708	0	C/C=C(\C)C(=O)NN/C=C1\C=CC(=O)C=C1[O-]	C/C=C(\C)C(=O)NN/C=C1\C=CC(=O)C=C1[O-]	G2 inactive	Train	233.25	2	4	3	1	0	81.26								<rdkit.DataStructs.cDataStructs.ExplicitBitVect object at 0x00000247148BC660>	G2
C19997381	0	NC1=CC(=O)/C(=C2/NC(=C3C=CC(=O)C=C3)NO2)C=C1	NC1=CC(=O)/C(=C2/NC(=C3C=CC(=O)C=C3)NO2)C=C1	G2 inactive	Train	269.26	3	6	0	3	0	93.45								<rdkit.DataStructs.cDataStructs.ExplicitBitVect object at 0x00000247148BDE70>	G2
C45944580	0	Cc1cccc(N[C@H](c2ccncc2)c2cc(Cl)c3cccnc3c2O)[nH+]1	Cc1cccc(N[C@H](c2ccncc2)c2cc(Cl)c3cccnc3c2O)[nH+]1	G2 inactive	Train	377.86	2	4	4	4	4	72.18								<rdkit.DataStructs.cDataStructs.ExplicitBitVect object at 0x00000247148BEF80>	G2
C33891531	0	COc1c2c(cc3c1[C@H](C[C@H](O)c1cc(C(C)(C)C)cc4c1CCC4(C)C)[NH+](C)CC3)OCO2	COc1c2c(cc3c1[C@H](C[C@H](O)c1cc(C(C)(C)C)cc4c1CCC4(C)C)[NH+](C)CC3)OCO2	G2 inactive	Train	466.64	2	4	4	5	2	52.36								<rdkit.DataStructs.cDataStructs.ExplicitBitVect object at 0x00000247148BF530>	G2
C20285987	0	COc1ccc(CN(C2=N/C(=N\C[C@H](C)NC3CC(C)(C)[NH2+]C(C)(C)C3)S2)C2CCCC2)c(OC)c1OC	COc1ccc(CN(C2=N/C(=N\C[C@H](C)NC3CC(C)(C)[NH2+]C(C)(C)C3)S2)C2CCCC2)c(OC)c1OC	G2 inactive	Train	546.8	2	6	10	4	1	84.29								<rdkit.DataStructs.cDataStructs.ExplicitBitVect object at 0x00000247148BE1F0>	G2
C52550811	0	COCC[NH+]1CCC(c2cc(C)c3nc([C@H]4C(=O)N=CC=C4NCCn4cc(Cl)cn4)[nH]c3c2)CC1	COCC[NH+]1CCC(c2cc(C)c3nc([C@H]4C(=O)N=CC=C4NCCn4cc(Cl)cn4)[nH]c3c2)CC1	G2 inactive	Train	511.05	3	5	9	5	3	101.63								<rdkit.DataStructs.cDataStructs.ExplicitBitVect object at 0x00000247148BD1C0>	G2
C05341784	0	Cc1ccccc1-c1noc(CN2C(=O)N[C@]3(CCCc4ccccc43)C2=O)n1	Cc1ccccc1-c1noc(CN2C(=O)N[C@]3(CCCc4ccccc43)C2=O)n1	G2 inactive	Train	388.43	1	5	3	5	3	88.33								<rdkit.DataStructs.cDataStructs.ExplicitBitVect object at 0x00000247148BD620>	G2
C35314289	0	CC(=O)NC[C@@H](C)CCC(=O)O[C@H]1C[C@@H]2[C@@H]3CC=C4C[C@H](OC(C)=O)CC[C@]4(C)[C@@H]3CC[C@]2(C)[C@@H]1NC(C)=O	CC(=O)NC[C@@H](C)CCC(=O)O[C@H]1C[C@@H]2[C@@H]3CC=C4C[C@H](OC(C)=O)CC[C@]4(C)[C@@H]3CC[C@]2(C)[C@@H]1NC(C)=O	G2 inactive	Train	544.73	2	6	8	4	0	110.8								<rdkit.DataStructs.cDataStructs.ExplicitBitVect object at 0x00000247148BDD90>	G2
C02791312	0	C[NH+](C)CCCn1c(S)nnc1-c1cc2n(n1)[C@H](C(F)(F)F)C[C@@H](c1ccc(Cl)cc1)N2	C[NH+](C)CCCn1c(S)nnc1-c1cc2n(n1)[C@H](C(F)(F)F)C[C@@H](c1ccc(Cl)cc1)N2	G2 inactive	Train	486.98	3	4	6	4	3	65.0								<rdkit.DataStructs.cDataStructs.ExplicitBitVect object at 0x00000247148BC040>	G2
C11735429	0	COc1ccc([C@@H]([NH3+])c2nc3ccccc3n2-c2ccccc2)cc1OC	COc1ccc([C@@H]([NH3+])c2nc3ccccc3n2-c2ccccc2)cc1OC	G2 inactive	Train	360.44	1	3	5	4	4	63.92								<rdkit.DataStructs.cDataStructs.ExplicitBitVect object at 0x00000247148BFA00>	G2
C54359329	0	O=C1CCc2cc(C3=N[NH+]=C(NC4CCCC4)SC3)ccc2N1	O=C1CCc2cc(C3=N[NH+]=C(NC4CCCC4)SC3)ccc2N1	G2 inactive	Train	329.45	3	3	2	4	1	67.46								<rdkit.DataStructs.cDataStructs.ExplicitBitVect object at 0x00000247148BDFC0>	G2
C39933473	0	Nc1nc2c(OC(F)(F)C(F)F)cc3c(c2s1)N[C@H]([NH3+])S3	Nc1nc2c(OC(F)(F)C(F)F)cc3c(c2s1)N[C@H]([NH3+])S3	G2 inactive	Train	341.33	3	5	3	3	2	87.81								<rdkit.DataStructs.cDataStructs.ExplicitBitVect object at 0x00000247148BD3F0>	G2
C03844448	0	S=C1NNC(=S)Nc2ccccc2OCCOc2ccccc2N1	S=C1NNC(=S)Nc2ccccc2OCCOc2ccccc2N1	G2 inactive	Train	360.46	4	8	0	3	2	66.58								<rdkit.DataStructs.cDataStructs.ExplicitBitVect object at 0x00000247148BDB60>	G2
C37352610	0	Nc1cc(CCC2CCCCC2)[nH+]n1[C@H]1CCS(=O)(=O)C1	Nc1cc(CCC2CCCCC2)[nH+]n1[C@H]1CCS(=O)(=O)C1	G2 inactive	Train	312.46	1	3	4	3	1	79.23								<rdkit.DataStructs.cDataStructs.ExplicitBitVect object at 0x00000247148BE490>	G2
C67514985	0	COc1ccc(-c2ccc([C@H]3[NH2+]CCc4[nH]cnc43)cc2)cn1	COc1ccc(-c2ccc([C@H]3[NH2+]CCc4[nH]cnc43)cc2)cn1	G2 inactive	Train	307.38	2	3	3	4	3	67.41								<rdkit.DataStructs.cDataStructs.ExplicitBitVect object at 0x00000247148BC190>	G2
C38637257	0	CO[C@]12CC[C@@]3(C[C@@H]1[C@](C)(O)C(C)(C)C)[C@H]1Cc4ccc(O)c5c4[C@@]3(CC[NH2+]1)[C@H]2O5	CO[C@]12CC[C@@]3(C[C@@H]1[C@](C)(O)C(C)(C)C)[C@H]1Cc4ccc(O)c5c4[C@@]3(CC[NH2+]1)[C@H]2O5	G2 inactive	Train	414.57	3	4	2	7	1	75.53								<rdkit.DataStructs.cDataStructs.ExplicitBitVect object at 0x00000247148BC0B0>	G2
C22018305	0	[NH2+]=C1Nc2nc3cc4c(cc3n2[C@@H](c2ccc(OC(F)(F)F)cc2)N1)OCCCO4	[NH2+]=C1Nc2nc3cc4c(cc3n2[C@@H](c2ccc(OC(F)(F)F)cc2)N1)OCCCO4	G2 inactive	Train	420.37	3	6	2	5	3	95.16								<rdkit.DataStructs.cDataStructs.ExplicitBitVect object at 0x00000247148BEC00>	G2
C40822342	0	C[C@@H]1C[C@@H]2[C@@H]3CCC4=Cc5c(cnn5C5=CC=CN[C@@H]5Cl)C[C@]4(C)[C@@H]3[C@H](O)C[C@]2(C)[C@@]1(O)C(=O)CO	C[C@@H]1C[C@@H]2[C@@H]3CCC4=Cc5c(cnn5C5=CC=CN[C@@H]5Cl)C[C@]4(C)[C@@H]3[C@H](O)C[C@]2(C)[C@@]1(O)C(=O)CO	G2 inactive	Train	514.07	4	6	3	6	1	107.61								<rdkit.DataStructs.cDataStructs.ExplicitBitVect object at 0x00000247148BE7A0>	G2
C04631507	0	[H]/N=C1\C(C#N)C2=CC[NH+](C(C)C)C[C@@H]2[C@@H](c2ccc(OCC(N)=O)cc2)C1(C#N)C#N	[H]/N=C1\C(C#N)C2=CC[NH+](C(C)C)C[C@@H]2[C@@H](c2ccc(OCC(N)=O)cc2)C1(C#N)C#N	G2 inactive	Train	417.49	3	5	5	3	1	151.98								<rdkit.DataStructs.cDataStructs.ExplicitBitVect object at 0x00000247148BC350>	G2
C31159444	0	CC(C)(O)CCC(=O)[C@](C)(O)[C@H]1[C@H](O)C[C@@]2(C)[C@H]3CC=C4[C@@H](C[C@H](O)C(=O)C4(C)C)[C@]3(C)C(=O)C[C@]12C	CC(C)(O)CCC(=O)[C@](C)(O)[C@H]1[C@H](O)C[C@@]2(C)[C@H]3CC=C4[C@@H](C[C@H](O)C(=O)C4(C)C)[C@]3(C)C(=O)C[C@]12C	G2 inactive	Train	518.69	4	7	5	4	0	132.13								<rdkit.DataStructs.cDataStructs.ExplicitBitVect object at 0x00000247148BC7B0>	G2
C38654890	0	[H]/N=N/c1ccc2c(S(=O)(=O)Oc3c(O)ccc(C(=O)c4ccccc4)c3O)cccc2c1O	[H]/N=N/c1ccc2c(S(=O)(=O)Oc3c(O)ccc(C(=O)c4ccccc4)c3O)cccc2c1O	G2 inactive	Train	464.46	4	7	6	4	4	157.34								<rdkit.DataStructs.cDataStructs.ExplicitBitVect object at 0x00000247148BDEE0>	G2
C39344333	0	Cc1[nH]nc(O)c1[C@H](C1=C(O)N=N[C@H]1C)c1cc(Br)c(O)c(Br)c1O	Cc1[nH]nc(O)c1[C@H](C1=C(O)N=N[C@H]1C)c1cc(Br)c(O)c(Br)c1O	G2 inactive	Train	474.11	5	5	3	3	2	134.32								<rdkit.DataStructs.cDataStructs.ExplicitBitVect object at 0x00000247148BF370>	G2
C39916066	0	O=C1CCCC2=C1[C@H](C1=CC=[NH+]C1)N1N[C@@H](SCc3ccccc3)N[C@H]1N2	O=C1CCCC2=C1[C@H](C1=CC=[NH+]C1)N1N[C@@H](SCc3ccccc3)N[C@H]1N2	G2 inactive	Train	382.51	4	6	4	5	1	70.37								<rdkit.DataStructs.cDataStructs.ExplicitBitVect object at 0x00000247148BE960>	G2
C04794947	0	CN(C)P1(N(C)C)=NP(N)(N)=NP(N(C)C)(N(C)C)=N1	CN(C)P1(N(C)C)=NP(N)(N)=NP(N(C)C)(N(C)C)=N1	G2 inactive	Train	343.3	2	6	4	1	0	102.08								<rdkit.DataStructs.cDataStructs.ExplicitBitVect object at 0x00000247148BDD20>	G2
C51116233	0	NNc1ncc(Br)cc1C(=O)N[C@@H]1CC[NH+](C2CC2)C1	NNc1ncc(Br)cc1C(=O)N[C@@H]1CC[NH+](C2CC2)C1	G2 inactive	Train	341.23	4	4	4	3	1	84.48								<rdkit.DataStructs.cDataStructs.ExplicitBitVect object at 0x00000247148BD0E0>	G2
C64032598	0	NC1=[NH+]N=C2N=NC(C3=C4C=CC=CN4N[C@@H]3c3ccccc3)=C[C@H]21	NC1=[NH+]N=C2N=NC(C3=C4C=CC=CN4N[C@@H]3c3ccccc3)=C[C@H]21	G2 inactive	Train	330.38	3	3	2	5	1	92.34								<rdkit.DataStructs.cDataStructs.ExplicitBitVect object at 0x00000247148BE500>	G2
C64197308	0	C[C@H](c1ccccc1)N1C(=O)[C@@H]([C@H]2NCCC3=c4ccccc4=[NH+][C@@H]32)C(O)=N[C@@H]1O	C[C@H](c1ccccc1)N1C(=O)[C@@H]([C@H]2NCCC3=c4ccccc4=[NH+][C@@H]32)C(O)=N[C@@H]1O	G2 inactive	Train	405.48	4	4	3	5	2	99.13								<rdkit.DataStructs.cDataStructs.ExplicitBitVect object at 0x00000247148BF760>	G2
C12957067	0	OC[C@@H]1O[C@H](Oc2ccc3cc(Br)ccc3c2)[C@@H](O)[C@@H](O)[C@@H]1O	OC[C@@H]1O[C@H](Oc2ccc3cc(Br)ccc3c2)[C@@H](O)[C@@H](O)[C@@H]1O	G2 inactive	Train	385.21	4	6	3	3	2	99.38								<rdkit.DataStructs.cDataStructs.ExplicitBitVect object at 0x00000247148BE260>	G2
C14475719	0	NC(=O)c1ccc2c(c1)[C@@H]1C=CC[C@@H]1[C@H](c1cc([N+](=O)[O-])ccc1O)N2	NC(=O)c1ccc2c(c1)[C@@H]1C=CC[C@@H]1[C@H](c1cc([N+](=O)[O-])ccc1O)N2	G2 inactive	Train	351.36	3	5	3	4	2	118.49								<rdkit.DataStructs.cDataStructs.ExplicitBitVect object at 0x00000247148BE2D0>	G2
C61594413	0	CCn1c(S[C@H](C[NH3+])c2cc(Br)cs2)n[nH]c1=O	CCn1c(S[C@H](C[NH3+])c2cc(Br)cs2)n[nH]c1=O	G2 inactive	Train	350.29	2	3	5	2	2	78.32								<rdkit.DataStructs.cDataStructs.ExplicitBitVect object at 0x00000247148BE340>	G2
C36202945	0	COCC[NH+](Cc1cccc(F)c1)Cc1ccc(C(O)(c2ccc(OC)cc2)c2ccc(OC)cc2)o1	COCC[NH+](Cc1cccc(F)c1)Cc1ccc(C(O)(c2ccc(OC)cc2)c2ccc(OC)cc2)o1	G2 inactive	Train	506.59	2	5	12	4	4	65.5								<rdkit.DataStructs.cDataStructs.ExplicitBitVect object at 0x00000247148BDAF0>	G2
C36370796	0	C[C@]12CCC3(C[C@@H]1C[C@@H](O)[C@H]1[C@H]4[C@@H](O)CC(=O)[C@]4(C)[C@@H](O)C[C@@H]12)OCCO3	C[C@]12CCC3(C[C@@H]1C[C@@H](O)[C@@H]1[C@@H]2C[C@H](O)[C@@]2(C)C(=O)C[C@H](O)[C@H]12)OCCO3	G2 inactive	Train	380.48	3	6	0	5	0	96.22								<rdkit.DataStructs.cDataStructs.ExplicitBitVect object at 0x00000247148BD700>	G2
C00814503	0	COc1cc([C@@H]2C(C#N)=C(N)N(c3cccnc3)C3=C2C(=O)CC(C)(C)C3)ccc1O	COc1cc([C@@H]2C(C#N)=C(N)N(c3cccnc3)C3=C2C(=O)CC(C)(C)C3)ccc1O	G2 inactive	Train	416.48	2	7	3	4	2	112.47								<rdkit.DataStructs.cDataStructs.ExplicitBitVect object at 0x00000247148BD070>	G2
C39361826	0	Cc1ccc(C)c(N2[C@@H](SC(C)C)NN[C@@H]2Cc2cc(=O)[nH]c(=O)[nH]2)c1	Cc1ccc(C)c(N2[C@@H](Cc3cc(=O)[nH]c(=O)[nH]3)NN[C@@H]2SC(C)C)c1	G2 inactive	Train	375.5	4	6	5	3	2	93.02								<rdkit.DataStructs.cDataStructs.ExplicitBitVect object at 0x00000247148BD000>	G2
C35636705	0	NS(=O)(=O)c1cc2c(c(Cl)c1Cl)NCNS2(=O)=O	NS(=O)(=O)c1cc2c(c(Cl)c1Cl)NCNS2(=O)=O	G2 inactive	Train	332.19	3	5	1	2	1	118.36								<rdkit.DataStructs.cDataStructs.ExplicitBitVect object at 0x00000247148BCBA0>	G2
C37843341	0	O=S(=O)(CCCCl)/N=c1\ccc2[nH+]c([O-])c([O-])[nH]c-2c1	O=S(=O)(CCCCl)/N=c1\ccc2[nH+]c([O-])c([O-])[nH]c-2c1	G2 inactive	Train	316.75	1	4	4	2	2	122.55								<rdkit.DataStructs.cDataStructs.ExplicitBitVect object at 0x00000247148BE180>	G2
C38744070	0	CC1=C(S(=O)(=O)[N-]c2sc3c(c2C(N)=O)CC[C@H](C)C3)[C@H](C)N=N1	CC1=C(S(=O)(=O)[N-]c2sc3c(c2C(N)=O)CC[C@H](C)C3)[C@H](C)N=N1	G2 inactive	Train	367.48	1	3	4	3	1	116.05								<rdkit.DataStructs.cDataStructs.ExplicitBitVect object at 0x00000247148BCB30>	G2
C01076895	0	CC1=NN=C2N=C([O-])[C@@]3(C(C#N)=C(N)Oc4ccc(Br)cc43)[C@H]12	CC1=NN=C2N=C([O-])[C@@]3(C(C#N)=C(N)Oc4ccc(Br)cc43)[C@H]12	G2 inactive	Train	371.17	1	4	0	4	1	119.18								<rdkit.DataStructs.cDataStructs.ExplicitBitVect object at 0x00000247148BC120>	G2
C66873840	0	CC(=O)Nc1cc(NC(=O)[C@@H]2CC=CC[C@@H]2C(=O)[O-])c(F)cc1F	CC(=O)Nc1cc(NC(=O)[C@@H]2CC=CC[C@@H]2C(=O)[O-])c(F)cc1F	G2 inactive	Train	337.3	2	4	4	2	1	98.33								<rdkit.DataStructs.cDataStructs.ExplicitBitVect object at 0x00000247148BEC70>	G2
C66352130	0	Nc1ccc(-c2cn(C3CCC(=O)CC3)c3ncnc(N)c23)cc1F	Nc1ccc(-c2cn(C3CCC(=O)CC3)c3ncnc(N)c23)cc1F	G2 inactive	Train	339.37	2	5	2	4	3	99.82								<rdkit.DataStructs.cDataStructs.ExplicitBitVect object at 0x00000247148BEE30>	G2
C62203369	0	N#Cc1cnn(-c2nc3c(c(C(F)(F)F)n2)CCCC3)c1N	N#Cc1cnn(-c2nc3c(c(C(F)(F)F)n2)CCCC3)c1N	G2 inactive	Train	308.27	1	5	1	3	2	93.41								<rdkit.DataStructs.cDataStructs.ExplicitBitVect object at 0x00000247148BF060>	G2
C09970377	0	CC1(C)O[C@]2(C)[C@@](C)(O)[C@@](C)(O)[C@@](C)(O)[C@](C)(O)[C@@]2(C)O1	CC1(C)O[C@]2(C)[C@@](C)(O)[C@@](C)(O)[C@@](C)(O)[C@](C)(O)[C@@]2(C)O1	G2 inactive	Train	304.38	4	6	0	2	0	99.38								<rdkit.DataStructs.cDataStructs.ExplicitBitVect object at 0x00000247148BF1B0>	G2
C02289945	0	CC(NC(=O)NC(N)=O)(C(F)(F)F)C(F)(F)F	CC(NC(=O)NC(N)=O)(C(F)(F)F)C(F)(F)F	G2 inactive	Train	267.13	3	2	1	0	0	84.22								<rdkit.DataStructs.cDataStructs.ExplicitBitVect object at 0x00000247148BF290>	G2
C38595191	0	[H]/N=C1/NC(=S)N[C@@H](C2=CC3=CC=N[C@@H]3C=C2)N1	[H]/N=C1/NC(=S)N[C@@H](C2=CC3=CC=N[C@@H]3C=C2)N1	G2 inactive	Train	245.31	4	4	1	3	0	72.3								<rdkit.DataStructs.cDataStructs.ExplicitBitVect object at 0x00000247148BF3E0>	G2
C00055240	0	Nc1nc(N)nc(-c2ccc(I)cc2)n1	Nc1nc(N)nc(-c2ccc(I)cc2)n1	G2 inactive	Train	313.1	2	5	1	2	2	90.71								<rdkit.DataStructs.cDataStructs.ExplicitBitVect object at 0x00000247148BCCF0>	G2
C00278401	0	CCC[C@H](C)C1C(C#N)=C(N)SC(N)=C1C#N	CCC[C@H](C)C1C(C#N)=C(N)SC(N)=C1C#N	G2 inactive	Train	248.35	2	5	3	1	0	99.62								<rdkit.DataStructs.cDataStructs.ExplicitBitVect object at 0x00000247148BECE0>	G2
C61887549	0	N/C(=N/O)[C@H]1CCC[C@H]1NC(=O)C1CCCCC1	N/C(=N/O)[C@H]1CCC[C@H]1NC(=O)C1CCCCC1	G2 inactive	Train	253.35	3	3	3	2	0	87.71								<rdkit.DataStructs.cDataStructs.ExplicitBitVect object at 0x00000247148BF220>	G2
C04100786	0	O[C@@H]1[C@H](O)[C@H](O)[C@@H]2OC3(CCCCC3)O[C@@H]2[C@@H]1O	O[C@H]1[C@@H](O)[C@@H](O)[C@@H](O)[C@H]2OC3(CCCCC3)O[C@@H]12	G2 inactive	Train	260.29	4	6	0	3	0	99.38								<rdkit.DataStructs.cDataStructs.ExplicitBitVect object at 0x00000247148BC820>	G2
C39856315	0	Cc1c(C(N)=O)oc2c1/C(=N/NC(N)=O)CC(C)(C)C2	Cc1c(C(N)=O)oc2c1/C(=N/NC(N)=O)CC(C)(C)C2	G2 inactive	Train	278.31	3	3	2	2	1	123.71								<rdkit.DataStructs.cDataStructs.ExplicitBitVect object at 0x00000247148BED50>	G2
C41079961	0	NC(=O)c1cc(N)ccc1N1CCc2sccc2C1	NC(=O)c1cc(N)ccc1N1CCc2sccc2C1	G2 inactive	Train	273.36	2	3	2	3	2	72.35								<rdkit.DataStructs.cDataStructs.ExplicitBitVect object at 0x00000247148BC900>	G2
C53127405	0	CC1CCC(CO)(NC(=O)[C@](C)(N)c2ccccc2)CC1	CC1CCC(CO)(NC(=O)[C@](C)(N)c2ccccc2)CC1	G2 inactive	Train	290.41	3	3	4	2	1	75.35								<rdkit.DataStructs.cDataStructs.ExplicitBitVect object at 0x00000247148BFBC0>	G2
C05012565	0	CSC[C@@H]1O[C@@H](n2cnc3c(N)nc(N)nc32)[C@@H](O)[C@@H]1O	CSC[C@@H]1O[C@@H](n2cnc3c(N)nc(N)nc32)[C@@H](O)[C@@H]1O	G2 inactive	Train	312.36	4	9	3	3	2	145.33								<rdkit.DataStructs.cDataStructs.ExplicitBitVect object at 0x00000247148BF4C0>	G2
C64428766	0	O=C(CC12CC3CC(CC(C3)C1)C2)NCC(=O)NNC(=O)NC1CC1	O=C(CC12CC3CC(CC(C3)C1)C2)NCC(=O)NNC(=O)NC1CC1	G2 inactive	Train	348.45	4	3	5	5	0	99.33								<rdkit.DataStructs.cDataStructs.ExplicitBitVect object at 0x00000247148BD850>	G2
C49686644	0	Cc1cc(C)cc(-n2c(C)cc(/C=C3\C(=[NH2+])N4N=C(C(C)C)SC4=NC3=O)c2C)c1	Cc1cc(C)cc(-n2c(C)cc(/C=C3\C(=[NH2+])N4N=C(C(C)C)SC4=NC3=O)c2C)c1	G2 inactive	Train	420.56	1	3	3	4	2	75.55								<rdkit.DataStructs.cDataStructs.ExplicitBitVect object at 0x00000247148BCEB0>	G2
C12929412	0	Cc1cccc(-n2nnnc2SCc2nc(N)c3c(C)c(C)sc3n2)c1	Cc1cccc(-n2nnnc2SCc2nc(N)c3c(C)c(C)sc3n2)c1	G2 inactive	Train	383.51	1	7	4	4	4	95.4								<rdkit.DataStructs.cDataStructs.ExplicitBitVect object at 0x00000247148BCD60>	G2
C08491023	0	Cc1cc(O)c2c(C)c(CC(=O)NCc3ccc4c(c3)OCO4)c(=O)oc2c1	Cc1cc(O)c2c(C)c(CC(=O)NCc3ccc4c(c3)OCO4)c(=O)oc2c1	G2 inactive	Train	381.38	2	6	4	4	3	98.0								<rdkit.DataStructs.cDataStructs.ExplicitBitVect object at 0x00000247148BFD80>	G2
C03205652	0	CCN(CC)[P@]1(=S)C2=C([NH+]3CCCCC3)CC(C)(C)C=C2NN1c1ccccc1	CCN(CC)[P@]1(=S)C2=C([NH+]3CCCCC3)CC(C)(C)C=C2NN1c1ccccc1	G2 inactive	Train	431.61	2	4	5	4	1	22.95								<rdkit.DataStructs.cDataStructs.ExplicitBitVect object at 0x00000247148BE3B0>	G2
C13198293	0	C[C@H](NS(=O)(=O)c1ccc(O)c(C(=O)[O-])c1)c1ccc(Br)cc1	C[C@H](NS(=O)(=O)c1ccc(O)c(C(=O)[O-])c1)c1ccc(Br)cc1	G2 inactive	Train	399.24	2	5	5	2	2	106.53								<rdkit.DataStructs.cDataStructs.ExplicitBitVect object at 0x00000247148BE730>	G2
C36597014	0	C[C@@H](NC(=O)[C@@H]1O[C@H]2OC(C)(C)O[C@@H]2[C@H]2OC(C)(C)O[C@@H]21)C(=O)Nc1cccc2ccccc12	C[C@@H](NC(=O)[C@@H]1O[C@H]2OC(C)(C)O[C@@H]2[C@H]2OC(C)(C)O[C@@H]21)C(=O)Nc1cccc2ccccc12	G2 inactive	Train	470.52	2	7	4	5	2	104.35								<rdkit.DataStructs.cDataStructs.ExplicitBitVect object at 0x00000247148BDA80>	G2
C20805356	0	CC(C)(C)C(=O)OC[C@@H]1O[C@@H](N)[C@@H](OC(=O)C(C)(C)C)[C@@H](OC(=O)C(C)(C)C)[C@@H]1OC(=O)C(C)(C)C	CC(C)(C)C(=O)OC[C@@H]1O[C@@H](N)[C@@H](OC(=O)C(C)(C)C)[C@@H](OC(=O)C(C)(C)C)[C@@H]1OC(=O)C(C)(C)C	G2 inactive	Train	515.64	1	10	5	1	0	140.45								<rdkit.DataStructs.cDataStructs.ExplicitBitVect object at 0x00000247148BCE40>	G2
C13549614	0	CCCC[C@@H]1C[C@](C)(c2csc(NCCNc3nc([C@]4(C)C[C@H](CCCC)C(=O)O4)cs3)n2)OC1=O	CCCC[C@H]1C[C@@](C)(c2csc(NCCNc3nc([C@@]4(C)C[C@@H](CCCC)C(=O)O4)cs3)n2)OC1=O	G2 inactive	Train	534.75	2	8	13	4	2	102.44								<rdkit.DataStructs.cDataStructs.ExplicitBitVect object at 0x00000247148BD150>	G2
C39500153	0	CN(C)c1ncc2c(n1)CCC[C@@H]2[NH2+]C[C@@H]1C=NN=C1C1CCCCC1	CN(C)c1ncc2c(n1)CCC[C@@H]2[NH2+]C[C@@H]1C=NN=C1C1CCCCC1	G2 inactive	Train	355.51	1	3	5	4	1	70.35								<rdkit.DataStructs.cDataStructs.ExplicitBitVect object at 0x00000247148BCC10>	G2
C67401056	0	C[C@@H](c1nc(C(C)(C)C)no1)[NH+]1CCC([C@@H](O)c2ccc(Cl)cc2)CC1	C[C@@H](c1nc(C(C)(C)C)no1)[NH+]1CCC([C@@H](O)c2ccc(Cl)cc2)CC1	G2 inactive	Train	378.92	2	4	4	3	2	63.59								<rdkit.DataStructs.cDataStructs.ExplicitBitVect object at 0x00000247148BC740>	G2
C67172530	0	C=C[C@@]1(C)C[C@H](OC(=O)CSCC[NH+](CC)CC)[C@]2(C)CCC[C@]3(CCC(=O)[C@@H]23)[C@@H](C)[C@H]1O	C=C[C@@]1(C)C[C@H](OC(=O)CSCC[NH+](CC)CC)[C@]2(C)CCC[C@]3(CCC(=O)[C@H]32)[C@@H](C)[C@H]1O	G2 inactive	Train	480.74	2	5	9	3	0	68.04								<rdkit.DataStructs.cDataStructs.ExplicitBitVect object at 0x00000247148BCC80>	G2
C35191195	0	Cc1ccn2c(NC(C)(C)CC(C)(C)C)c(-c3ccc(OS(=O)(=O)/C=C/c4ccccc4)cc3)[nH+]c2c1	Cc1ccn2c(NC(C)(C)CC(C)(C)C)c(-c3ccc(OS(=O)(=O)/C=C/c4ccccc4)cc3)[nH+]c2c1	G2 inactive	Train	518.7	1	4	8	4	4	73.95								<rdkit.DataStructs.cDataStructs.ExplicitBitVect object at 0x00000247148BEDC0>	G2
C12531489	0	CC(=O)N1CCC([NH2+][C@H]2CC(C)(C)[C@@H]3C[C@@](C)(O)CC[C@]23CCC(=O)N2CCOCC2)CC1	CC(=O)N1CCC([NH2+][C@H]2CC(C)(C)[C@@H]3C[C@@](C)(O)CC[C@]23CCC(=O)N2CCOCC2)CC1	G2 inactive	Train	464.67	2	4	5	4	0	86.69								<rdkit.DataStructs.cDataStructs.ExplicitBitVect object at 0x00000247148BCF90>	G2
C36798358	0	CCOC(=O)/[NH+]=c1/ccc2c(CSc3nnc4c(Cl)cc(C(F)(F)F)cn34)cc(O)oc-2c1	CCOC(=O)/[NH+]=c1/ccc2c(CSc3nnc4c(Cl)cc(C(F)(F)F)cn34)cc(O)oc-2c1	G2 inactive	Train	499.88	2	7	4	4	4	103.83								<rdkit.DataStructs.cDataStructs.ExplicitBitVect object at 0x00000247148D9C40>	G2
C02257852	0	CSC1=NC2=[NH+]C3=C([C@H](c4ccc(C)cc4)N2N1)[C@@H](c1ccccc1Cl)Oc1ccccc13	CSC1=NC2=[NH+]C3=C([C@@H](c4ccccc4Cl)Oc4ccccc43)[C@H](c3ccc(C)cc3)N2N1	G2 inactive	Train	474.01	2	4	2	6	3	50.83								<rdkit.DataStructs.cDataStructs.ExplicitBitVect object at 0x00000247148D9380>	G2
C26502739	0	Cc1cccc(CC[NH2+][C@H](C)c2cccc(COc3nn4c(C(F)(F)F)nnc4c4ccccc34)n2)c1	Cc1cccc(CC[NH2+][C@H](C)c2cccc(COc3nn4c(C(F)(F)F)nnc4c4ccccc34)n2)c1	G2 inactive	Train	507.54	1	5	8	5	5	81.81								<rdkit.DataStructs.cDataStructs.ExplicitBitVect object at 0x00000247148D8970>	G2
C08735152	0	c1cncc(-c2nc(NC[C@H](c3cccs3)[NH+]3CCOCC3)c3ccccc3n2)c1	c1cncc(-c2nc(NC[C@H](c3cccs3)[NH+]3CCOCC3)c3ccccc3n2)c1	G2 inactive	Train	418.55	2	5	6	5	4	64.37								<rdkit.DataStructs.cDataStructs.ExplicitBitVect object at 0x00000247148D9700>	G2
C40681027	0	Cc1ccc2nc(Nc3nc[nH+]c(Nc4cc(C)on4)c3N)sc2c1	Cc1ccc2nc(Nc3nc[nH+]c(Nc4cc(C)on4)c3N)sc2c1	G2 inactive	Train	354.42	3	7	4	4	4	116.03								<rdkit.DataStructs.cDataStructs.ExplicitBitVect object at 0x00000247148DA5E0>	G2
C04418245	0	CC(C)(C)C1=NN(C2=NNC(=[NH2+])Cc3ncnn32)[C@@](O)(C(F)(F)F)C1	CC(C)(C)C1=NN(C2=NNC(=[NH2+])Cc3ncnn32)[C@@](O)(C(F)(F)F)C1	G2 inactive	Train	359.34	3	5	0	3	1	116.52								<rdkit.DataStructs.cDataStructs.ExplicitBitVect object at 0x00000247148D9850>	G2
C65374032	0	Nc1nc(CCC2=[NH+][C@@H]3C[C@@H](c4ccc(F)cc4)CNC(=O)[C@H]3N2)cs1	Nc1nc(CCC2=[NH+][C@@H]3C[C@@H](c4ccc(F)cc4)CNC(=O)[C@H]3N2)cs1	G2 inactive	Train	374.47	4	4	4	4	2	94.01								<rdkit.DataStructs.cDataStructs.ExplicitBitVect object at 0x00000247148D94D0>	G2
C05100331	0	CCOc1ccc([C@H]2NC(=O)c3c(sc4c3CC[NH+](C)C4)N2)c(O)c1	CCOc1ccc([C@H]2NC(=O)c3c(sc4c3CC[NH+](C)C4)N2)c(O)c1	G2 inactive	Train	360.46	4	4	3	4	2	75.03								<rdkit.DataStructs.cDataStructs.ExplicitBitVect object at 0x00000247148D90E0>	G2
C28849344	0	O=C(NN1C(=O)N[C@H](Cc2c[nH]c3ccccc23)C1=O)c1cccc(I)c1	O=C(NN1C(=O)N[C@H](Cc2c[nH]c3ccccc23)C1=O)c1cccc(I)c1	G2 inactive	Train	474.26	3	3	4	4	3	94.3								<rdkit.DataStructs.cDataStructs.ExplicitBitVect object at 0x00000247148D9540>	G2
C39657931	0	O=C([O-])C1CCC(NC(=O)[C@@H]2CN(C(=O)c3ccc(Cl)cc3)CC23CC[NH2+]CC3)CC1	O=C([O-])C1CCC(NC(=O)[C@@H]2CN(C(=O)c3ccc(Cl)cc3)CC23CC[NH2+]CC3)CC1	G2 inactive	Train	447.96	2	4	4	4	1	106.15								<rdkit.DataStructs.cDataStructs.ExplicitBitVect object at 0x00000247148D8C10>	G2
C64181833	0	NC(=O)[C@@H]1C2=C(CCCC2)S[C@@H]1NC(=O)CSc1nc(C2CCCC2)n[nH]1	NC(=O)[C@@H]1C2=C(CCCC2)S[C@@H]1NC(=O)CSc1nc(C2CCCC2)n[nH]1	G2 inactive	Test	407.57	3	6	6	4	1	113.76								<rdkit.DataStructs.cDataStructs.ExplicitBitVect object at 0x00000247148D8AC0>	G2
C34683959	0	Cc1ccc(N(C2CC[NH+](Cc3ccccc3O)CC2)S(=O)(=O)c2ccc(F)cc2)cc1	Cc1ccc(N(C2CC[NH+](Cc3ccccc3O)CC2)S(=O)(=O)c2ccc(F)cc2)cc1	G2 inactive	Test	455.58	2	3	6	4	3	62.05								<rdkit.DataStructs.cDataStructs.ExplicitBitVect object at 0x00000247148D8A50>	G2
C38974869	0	Brc1ccccc1C1=NN2[C@@H](NN[C@H]2[C@H]2C=C(c3ccccc3)N=N2)SC1	Brc1ccccc1C1=NN2[C@@H](NN[C@H]2[C@H]2C=C(c3ccccc3)N=N2)SC1	G2 inactive	Test	441.36	2	4	3	5	2	64.38								<rdkit.DataStructs.cDataStructs.ExplicitBitVect object at 0x00000247148D8660>	G2
C44577183	0	COC(=O)[C@H](CC(C)C)NC(=O)N1CCc2[nH]c[nH+]c2[C@H]1c1cc(Cl)ccc1F	COC(=O)[C@H](CC(C)C)NC(=O)N1CCc2[nH]c[nH+]c2[C@H]1c1cc(Cl)ccc1F	G2 inactive	Test	423.9	2	3	5	3	2	88.57								<rdkit.DataStructs.cDataStructs.ExplicitBitVect object at 0x00000247148D99A0>	G2
C35023523	0	Cc1ccc([C@@]2(O)NC(=O)N[C@@H](c3ccc(C(C)C)cc3)[C@@H]2C(=O)C(F)(F)F)cc1	Cc1ccc([C@@]2(O)NC(=O)N[C@@H](c3ccc(C(C)C)cc3)[C@@H]2C(=O)C(F)(F)F)cc1	G2 inactive	Test	420.43	3	3	4	3	2	78.43								<rdkit.DataStructs.cDataStructs.ExplicitBitVect object at 0x00000247148D8D60>	G2
C36207313	0	CCc1c(C(=O)OC)sc2nc(C[NH+](C[C@@H](O)COCc3ccco3)C(C)C)[nH]c(=O)c12	CCc1c(C(=O)OC)sc2nc(C[NH+](C[C@@H](O)COCc3ccco3)C(C)C)[nH]c(=O)c12	G2 inactive	Test	464.56	3	7	11	3	3	119.09								<rdkit.DataStructs.cDataStructs.ExplicitBitVect object at 0x00000247148D8C80>	G2
C09578726	0	O=C(C[NH2+][C@@H](c1ccccc1)c1ccco1)Nc1cc(S(=O)(=O)N2CCCCC2)ccc1Cl	O=C(C[NH2+][C@@H](c1ccccc1)c1ccco1)Nc1cc(S(=O)(=O)N2CCCCC2)ccc1Cl	G2 inactive	Test	489.02	2	4	8	4	3	96.23								<rdkit.DataStructs.cDataStructs.ExplicitBitVect object at 0x00000247148D8200>	G2
C09781566	0	C[C@@H](c1nnc(SCC(=O)Nc2sc3c(c2C#N)CCCCC3)n1-c1ccc(F)cc1)[NH+](C)C	C[C@@H](c1nnc(SCC(=O)Nc2sc3c(c2C#N)CCCCC3)n1-c1ccc(F)cc1)[NH+](C)C	G2 inactive	Test	499.66	2	5	7	4	3	88.04								<rdkit.DataStructs.cDataStructs.ExplicitBitVect object at 0x00000247148DA6C0>	G2
C16294160	0	CC1=C(C(=O)OC2CCCC2)[C@H](c2coc3ccc(C)cc3c2=O)C2=C(C[C@H](c3ccco3)CC2=O)N1	CC1=C(C(=O)OC2CCCC2)[C@H](c2coc3ccc(C)cc3c2=O)C2=C(C[C@H](c3ccco3)CC2=O)N1	G2 inactive	Test	499.56	1	7	4	6	3	98.75								<rdkit.DataStructs.cDataStructs.ExplicitBitVect object at 0x00000247148D9D90>	G2
C00983924	0	O=C1NN(c2cccc(F)c2)C(=O)/C1=C\c1cccc(OC(=O)c2cccs2)c1	O=C1NN(c2cccc(F)c2)C(=O)/C1=C\c1cccc(OC(=O)c2cccs2)c1	G2 inactive	Test	408.41	1	4	4	4	3	75.71								<rdkit.DataStructs.cDataStructs.ExplicitBitVect object at 0x00000247148D93F0>	G2
C14742441	0	CCn1nc(C(=O)N2CCN(C)CC2)c2c1CC[C@H]([NH2+]CC1C3CC4CC(C3)CC1C4)C2	CCn1nc(C(=O)N2CCN(C)CC2)c2c1CC[C@H]([NH2+]CC1C3CC4CC(C3)CC1C4)C2	G2 inactive	Test	440.66	1	3	5	7	1	57.98								<rdkit.DataStructs.cDataStructs.ExplicitBitVect object at 0x00000247148D8270>	G2
C28135006	0	COc1ccc2c(c1)c(C1=CC[NH2+]CC1)cn2S(=O)(=O)c1ccc(N)cc1	COc1ccc2c(c1)c(C1=CC[NH2+]CC1)cn2S(=O)(=O)c1ccc(N)cc1	G2 inactive	Test	384.48	2	4	4	4	3	90.93								<rdkit.DataStructs.cDataStructs.ExplicitBitVect object at 0x00000247148D9A10>	G2
C09041382	0	C[C@]12CC[C@H]3[C@@H](CC[C@@]4(O)C[C@@H](O)CC[C@]34/C=[NH+]/CCc3ccc(F)cc3)[C@]1(O)CC[C@H]2C1=CC(=O)OC1	C[C@]12CC[C@H]3[C@@H](CC[C@@]4(O)C[C@@H](O)CC[C@]34/C=[NH+]/CCc3ccc(F)cc3)[C@]1(O)CC[C@H]2C1=CC(=O)OC1	G2 inactive	Test	526.67	4	5	5	6	1	100.96								<rdkit.DataStructs.cDataStructs.ExplicitBitVect object at 0x00000247148D9620>	G2
C40794396	0	Nc1c(NNC(=O)c2ccccn2)ncnc1-n1cnc2ccccc21	Nc1c(NNC(=O)c2ccccn2)ncnc1-n1cnc2ccccc21	G2 inactive	Test	346.35	3	7	4	4	4	123.64								<rdkit.DataStructs.cDataStructs.ExplicitBitVect object at 0x00000247148D9230>	G2
C01890518	0	CCOc1cc(/C=N/NC(=O)c2ccc(Cn3nc([N+](=O)[O-])cc3C)cc2)cc(Br)c1OCc1ccccc1	CCOc1cc(/C=N/NC(=O)c2ccc(Cn3nc([N+](=O)[O-])cc3C)cc2)cc(Br)c1OCc1ccccc1	G2 inactive	Test	592.45	1	6	11	4	4	120.88								<rdkit.DataStructs.cDataStructs.ExplicitBitVect object at 0x00000247148D9000>	G2
C34747068	0	C=C(C)Cn1c(N2CC[NH+](CC(=O)NC3CCCCC3)CC2)nc2sc3c(c2c1=O)CC(C)(C)OC3	C=C(C)Cn1c(N2CC[NH+](CC(=O)NC3CCCCC3)CC2)nc2sc3c(c2c1=O)CC(C)(C)OC3	G2 inactive	Test	514.72	2	5	6	5	2	80.9								<rdkit.DataStructs.cDataStructs.ExplicitBitVect object at 0x00000247148D8E40>	G2
C33610813	0	CNc1ccc(O)c2c1[C@H](O)c1c(O)ccc(N)c1[C@@H]2O	CNc1ccc(O)c2c1[C@H](O)c1c(O)ccc(N)c1[C@@H]2O	G2 inactive	Test	288.3	6	6	1	3	2	118.97								<rdkit.DataStructs.cDataStructs.ExplicitBitVect object at 0x00000247148D8190>	G2
C63985282	0	CCCCCN1C([O-])=C(C(=O)/N=c2\[nH]c(C)cs2)[C@H](O)c2ccccc21	CCCCCN1C([O-])=C(C(=O)/N=c2\[nH]c(C)cs2)[C@H](O)c2ccccc21	G2 inactive	Test	372.47	2	4	5	3	2	91.75								<rdkit.DataStructs.cDataStructs.ExplicitBitVect object at 0x00000247148DA810>	G2
C36055664	0	CCCC1(O)[C@H](C)[C@H](c2ccc(N(C)C)cc2)[NH2+][C@H](c2ccc(N(C)C)cc2)[C@@H]1C	CCCC1(O)[C@@H](C)[C@@H](c2ccc(N(C)C)cc2)[NH2+][C@@H](c2ccc(N(C)C)cc2)[C@H]1C	G2 inactive	Test	410.63	2	3	6	3	2	43.32								<rdkit.DataStructs.cDataStructs.ExplicitBitVect object at 0x00000247148DA0A0>	G2
C13864430	0	NC(=O)c1cc2c(Oc3ccc(/C=C/C(=O)NC[C@H](O)CO)cc3)cncc2s1	NC(=O)c1cc2c(Oc3ccc(/C=C/C(=O)NC[C@H](O)CO)cc3)cncc2s1	G2 inactive	Test	413.46	4	6	8	3	3	134.77								<rdkit.DataStructs.cDataStructs.ExplicitBitVect object at 0x00000247148D9FC0>	G2
C37870107	0	CCC[NH2+][C@H](C(N)=O)c1cc(Br)c2c(c1)OCCCO2	CCC[NH2+][C@H](C(N)=O)c1cc(Br)c2c(c1)OCCCO2	G2 inactive	Train	344.23	2	3	5	2	1	78.16								<rdkit.DataStructs.cDataStructs.ExplicitBitVect object at 0x00000247148D9EE0>	G2
C01249926	0	COc1ccc(-c2csc(/C(C#N)=C/Nc3ccc(Cl)cc3C(=O)c3cc(OC)c(OC)c(OC)c3)n2)cc1	COc1ccc(-c2csc(/C(C#N)=C/Nc3ccc(Cl)cc3C(=O)c3cc(OC)c(OC)c(OC)c3)n2)cc1	G2 inactive	Test	562.05	1	8	10	4	4	102.7								<rdkit.DataStructs.cDataStructs.ExplicitBitVect object at 0x00000247148D98C0>	G2
