Compound_ID	Active	Smiles	canonical_smi	Set	Set_type	MW	HBD	HBA	NRB	NR	NAR	PSA	Standard Type	Standard Relation	Standard Units	Standard Value	Assay ChEMBL ID	Assay Description	BAO Label	bits	Group	ROMol
CHEMBL500659	1	Cn1cc(-c2ccc3c(c2)CC/C3=N\O)c(-c2ccncc2)n1	Cn1cc(-c2ccc3c(c2)CC/C3=N\O)c(-c2ccncc2)n1	G2 active	Train	304.35	1	3	2	4	3	63.3								<rdkit.DataStructs.cDataStructs.ExplicitBitVect object at 0x000001B314AA5700>	G1	<rdkit.Chem.rdchem.Mol object at 0x000001B314A94120>
CHEMBL477989	1	CN(C)CCOc1ccc(-c2nc(-c3ccc4c(c3)CC/C4=N\O)c(-c3ccncc3)[nH]2)cc1	CN(C)CCOc1ccc(-c2nc(-c3ccc4c(c3)CC/C4=N\O)c(-c3ccncc3)[nH]2)cc1	G2 active	Train	453.55	2	5	7	5	4	86.63								<rdkit.DataStructs.cDataStructs.ExplicitBitVect object at 0x000001B314AA5690>	G1	<rdkit.Chem.rdchem.Mol object at 0x000001B314A94190>
CHEMBL1080833	1	CN1C2CCC1CN(c1ccc(-c3ccnc4c(-c5ccc(Cl)c(O)c5)c(-c5ccncc5)nn34)cc1)C2	CN1C2CCC1CN(c1ccc(-c3ccnc4c(-c5ccc(Cl)c(O)c5)c(-c5ccncc5)nn34)cc1)C2	G2 active	Train	523.04	1	6	4	7	5	69.79								<rdkit.DataStructs.cDataStructs.ExplicitBitVect object at 0x000001B314AA5620>	G1	<rdkit.Chem.rdchem.Mol object at 0x000001B314A94200>
CHEMBL1213925	1	O=C(Nc1ccc(Cl)c(C(F)(F)F)c1)Nc1ccc(OCCN2CCOCC2)c2ccccc12	O=C(Nc1ccc(Cl)c(C(F)(F)F)c1)Nc1ccc(OCCN2CCOCC2)c2ccccc12	G2 active	Train	493.91	2	4	6	4	3	62.83								<rdkit.DataStructs.cDataStructs.ExplicitBitVect object at 0x000001B314AA5540>	G1	<rdkit.Chem.rdchem.Mol object at 0x000001B314A94270>
CHEMBL585921	1	Cc1ccc2c(Nc3ccc(Cl)cc3)nccc2c1Nc1ncccc1-c1ncnc2[nH]cnc12	Cc1ccc2c(Nc3ccc(Cl)cc3)nccc2c1Nc1ncccc1-c1ncnc2[nH]cnc12	G2 active	Train	478.95	3	7	5	6	6	104.3								<rdkit.DataStructs.cDataStructs.ExplicitBitVect object at 0x000001B314AA54D0>	G1	<rdkit.Chem.rdchem.Mol object at 0x000001B314A942E0>
CHEMBL373011	1	Oc1cc(-c2nc(-c3ccccc3)[nH]c2-c2ccncc2)ccc1Cl	Oc1cc(-c2nc(-c3ccccc3)[nH]c2-c2ccncc2)ccc1Cl	G2 active	Train	347.81	2	3	3	4	4	61.8								<rdkit.DataStructs.cDataStructs.ExplicitBitVect object at 0x000001B314AA5460>	G1	<rdkit.Chem.rdchem.Mol object at 0x000001B314A94350>
CHEMBL477149	1	O/N=C1\CCc2cc(-c3cc(C4CCNCC4)oc3-c3ccncc3)ccc21	O/N=C1\CCc2cc(-c3cc(C4CCNCC4)oc3-c3ccncc3)ccc21	G2 active	Train	373.46	2	4	3	5	3	70.65								<rdkit.DataStructs.cDataStructs.ExplicitBitVect object at 0x000001B314AA53F0>	G1	<rdkit.Chem.rdchem.Mol object at 0x000001B314A943C0>
CHEMBL371952	1	Oc1cc(-c2[nH]c(-c3ccco3)nc2-c2ccncc2)ccc1Cl	Oc1cc(-c2[nH]c(-c3ccco3)nc2-c2ccncc2)ccc1Cl	G2 active	Train	337.77	2	4	3	4	4	74.94								<rdkit.DataStructs.cDataStructs.ExplicitBitVect object at 0x000001B314AA5380>	G1	<rdkit.Chem.rdchem.Mol object at 0x000001B314A94430>
CHEMBL498468	1	Cc1c[nH]nc1-c1ccc(-c2cn(C)nc2-c2ccncc2)cc1	Cc1c[nH]nc1-c1ccc(-c2cn(C)nc2-c2ccncc2)cc1	G2 active	Train	315.38	1	3	3	4	4	59.39								<rdkit.DataStructs.cDataStructs.ExplicitBitVect object at 0x000001B314AA52A0>	G1	<rdkit.Chem.rdchem.Mol object at 0x000001B314A944A0>
CHEMBL403854	1	CNc1nccc(-c2[nH]c(C3CC3)nc2-c2cccc(NC(=O)Cc3ccc(Cl)cc3)c2)n1	CNc1nccc(-c2[nH]c(C3CC3)nc2-c2cccc(NC(=O)Cc3ccc(Cl)cc3)c2)n1	G2 active	Train	458.95	3	5	7	5	4	95.59								<rdkit.DataStructs.cDataStructs.ExplicitBitVect object at 0x000001B314AA5230>	G1	<rdkit.Chem.rdchem.Mol object at 0x000001B314A94510>
CHEMBL401710	1	O=C1NCCN1CCNc1nccc(-c2[nH]c(C3CC3)nc2-c2cc(Cl)ccc2Cl)n1	O=C1NCCN1CCNc1nccc(-c2[nH]c(C3CC3)nc2-c2cc(Cl)ccc2Cl)n1	G2 active	Train	458.35	3	5	7	5	3	98.83								<rdkit.DataStructs.cDataStructs.ExplicitBitVect object at 0x000001B314AA51C0>	G1	<rdkit.Chem.rdchem.Mol object at 0x000001B314A94580>
CHEMBL200863	1	CC(C)(CNC(=O)Nc1ccc(Cl)cc1)c1nc(-c2ccc(Cl)c(O)c2)c(-c2ccncc2)[nH]1	CC(C)(CNC(=O)Nc1ccc(Cl)cc1)c1nc(-c2ccc(Cl)c(O)c2)c(-c2ccncc2)[nH]1	G2 active	Train	496.4	4	4	6	4	4	102.93								<rdkit.DataStructs.cDataStructs.ExplicitBitVect object at 0x000001B314AA5150>	G1	<rdkit.Chem.rdchem.Mol object at 0x000001B314A945F0>
CHEMBL385956	1	Cc1ccc(C(=O)Nc2cccc(C(F)(F)F)c2)cc1Nc1ncccc1-c1ccncn1	Cc1ccc(C(=O)Nc2cccc(C(F)(F)F)c2)cc1Nc1ncccc1-c1ccncn1	G2 active	Train	449.44	2	5	5	4	4	79.8								<rdkit.DataStructs.cDataStructs.ExplicitBitVect object at 0x000001B314AA50E0>	G1	<rdkit.Chem.rdchem.Mol object at 0x000001B314A94660>
CHEMBL477987	1	O/N=C1\CCc2cc(-c3nc(CN4CCOCC4)[nH]c3-c3ccncc3)ccc21	O/N=C1\CCc2cc(-c3nc(CN4CCOCC4)[nH]c3-c3ccncc3)ccc21	G2 active	Train	389.46	2	5	4	5	3	86.63								<rdkit.DataStructs.cDataStructs.ExplicitBitVect object at 0x000001B314AA5070>	G1	<rdkit.Chem.rdchem.Mol object at 0x000001B314A946D0>
CHEMBL200164	1	O/N=C1\CCCc2cc(-c3[nH]c(-c4ccccc4)nc3-c3ccncc3)ccc21	O/N=C1\CCCc2cc(-c3[nH]c(-c4ccccc4)nc3-c3ccncc3)ccc21	G2 active	Train	380.45	2	3	3	5	4	74.16								<rdkit.DataStructs.cDataStructs.ExplicitBitVect object at 0x000001B314AA5000>	G1	<rdkit.Chem.rdchem.Mol object at 0x000001B314A94740>
CHEMBL1091843	1	O=C(Nc1cccc(-c2ccnc3cc(-c4ccncc4)nn23)c1)Nc1cccc(C(F)(F)F)c1	O=C(Nc1cccc(-c2ccnc3cc(-c4ccncc4)nn23)c1)Nc1cccc(C(F)(F)F)c1	G2 active	Train	474.45	2	4	4	5	5	84.21								<rdkit.DataStructs.cDataStructs.ExplicitBitVect object at 0x000001B314AA4F90>	G1	<rdkit.Chem.rdchem.Mol object at 0x000001B314A947B0>
CHEMBL212964	1	CNc1ncc2cc(-c3cc(C(=O)Nc4cccc(C(F)(F)F)c4)ccc3C)ccc2n1	CNc1ncc2cc(-c3cc(C(=O)Nc4cccc(C(F)(F)F)c4)ccc3C)ccc2n1	G2 active	Train	436.44	2	4	4	4	4	66.91								<rdkit.DataStructs.cDataStructs.ExplicitBitVect object at 0x000001B314AA4EB0>	G1	<rdkit.Chem.rdchem.Mol object at 0x000001B314A94820>
CHEMBL200118	1	Oc1cc(-c2[nH]cnc2-c2ccncc2)ccc1Cl	Oc1cc(-c2[nH]cnc2-c2ccncc2)ccc1Cl	G2 active	Train	271.71	2	3	2	3	3	61.8								<rdkit.DataStructs.cDataStructs.ExplicitBitVect object at 0x000001B314AA4E40>	G1	<rdkit.Chem.rdchem.Mol object at 0x000001B314A94890>
CHEMBL496477	1	Cn1cc(-c2ccc3c(c2)C(=O)NC3)c(-c2ccncc2)n1	Cn1cc(-c2ccc3c(c2)C(=O)NC3)c(-c2ccncc2)n1	G2 active	Train	290.33	1	3	2	4	3	59.81								<rdkit.DataStructs.cDataStructs.ExplicitBitVect object at 0x000001B314AA4D60>	G1	<rdkit.Chem.rdchem.Mol object at 0x000001B314A94970>
CHEMBL165327	1	O=C(Nc1ccc(Oc2ccnc(C(=O)NCCN3CCOCC3)c2)cc1)Nc1ccc(Cl)c(C(F)(F)F)c1	O=C(Nc1ccc(Oc2ccnc(C(=O)NCCN3CCOCC3)c2)cc1)Nc1ccc(Cl)c(C(F)(F)F)c1	G2 active	Train	563.96	3	6	8	4	3	104.82								<rdkit.DataStructs.cDataStructs.ExplicitBitVect object at 0x000001B314AA4C10>	G1	<rdkit.Chem.rdchem.Mol object at 0x000001B314A949E0>
CHEMBL1090143	1	O=C(Nc1cccc(-c2ncnc3sc(-c4ccncc4)cc23)c1)c1cccc(C(F)(F)F)c1	O=C(Nc1cccc(-c2ncnc3sc(-c4ccncc4)cc23)c1)c1cccc(C(F)(F)F)c1	G2 active	Train	476.48	1	4	4	5	5	67.77								<rdkit.DataStructs.cDataStructs.ExplicitBitVect object at 0x000001B314AA4BA0>	G1	<rdkit.Chem.rdchem.Mol object at 0x000001B314A94A50>
CHEMBL574738	1	CCN1CCN(Cc2ccc(NC(=O)Nc3ccc(Oc4cc(NC)ncn4)cc3)cc2C(F)(F)F)CC1	CCN1CCN(Cc2ccc(NC(=O)Nc3ccc(Oc4cc(NC)ncn4)cc3)cc2C(F)(F)F)CC1	G2 active	Train	529.57	3	7	8	4	3	94.65								<rdkit.DataStructs.cDataStructs.ExplicitBitVect object at 0x000001B314AA4B30>	G1	<rdkit.Chem.rdchem.Mol object at 0x000001B314A94AC0>
CHEMBL562168	1	CCN(CC)CCNC(=O)c1cnn2c(-c3cccc(NC(=O)Nc4ccc(Cl)c(C(F)(F)F)c4)c3)ccnc12	CCN(CC)CCNC(=O)c1cnn2c(-c3cccc(NC(=O)Nc4ccc(Cl)c(C(F)(F)F)c4)c3)ccnc12	G2 active	Train	574.01	3	5	9	4	4	103.66								<rdkit.DataStructs.cDataStructs.ExplicitBitVect object at 0x000001B314AA4AC0>	G1	<rdkit.Chem.rdchem.Mol object at 0x000001B314A94B30>
CHEMBL247619	1	CNC(=O)Nc1ccc(CNc2c(C(=O)Nc3ccc4c(c3)OC(F)(F)C(F)(F)O4)cnn2C)cn1	CNC(=O)Nc1ccc(CNc2c(C(=O)Nc3ccc4c(c3)OC(F)(F)C(F)(F)O4)cnn2C)cn1	G2 active	Train	509.42	4	7	6	4	3	131.43								<rdkit.DataStructs.cDataStructs.ExplicitBitVect object at 0x000001B314AA49E0>	G1	<rdkit.Chem.rdchem.Mol object at 0x000001B314A94C10>
CHEMBL247434	1	CNC(=O)c1cc(CNc2ncsc2C(=O)Nc2ccc3c(c2)OC(F)(F)C(F)(F)O3)ccn1	CNC(=O)c1cc(CNc2ncsc2C(=O)Nc2ccc3c(c2)OC(F)(F)C(F)(F)O3)ccn1	G2 active	Train	497.43	3	7	6	4	3	114.47								<rdkit.DataStructs.cDataStructs.ExplicitBitVect object at 0x000001B314AA4970>	G1	<rdkit.Chem.rdchem.Mol object at 0x000001B314A94C80>
CHEMBL248398	1	O=C(NC1CC1)c1cc(CNc2ccccc2C(=O)Nc2ccc3c(c2)OC(F)(F)O3)ccn1	O=C(NC1CC1)c1cc(CNc2ccccc2C(=O)Nc2ccc3c(c2)OC(F)(F)O3)ccn1	G2 active	Train	466.44	3	6	7	5	3	101.58								<rdkit.DataStructs.cDataStructs.ExplicitBitVect object at 0x000001B314AA4900>	G1	<rdkit.Chem.rdchem.Mol object at 0x000001B314A94CF0>
CHEMBL166031	1	CC(C)(C)c1cc(NC(=O)Nc2ccc(Oc3ccncc3)cc2)no1	CC(C)(C)c1cc(NC(=O)Nc2ccc(Oc3ccncc3)cc2)no1	G2 active	Train	352.39	2	5	4	3	3	89.28								<rdkit.DataStructs.cDataStructs.ExplicitBitVect object at 0x000001B314AA4890>	G1	<rdkit.Chem.rdchem.Mol object at 0x000001B314A94D60>
CHEMBL1213974	1	CNC(=O)c1cc(Oc2ccc(NC(=O)Nc3cc(C(C)(C)C)nn3-c3ccc(C)cc3)cc2)ccn1	CNC(=O)c1cc(Oc2ccc(NC(=O)Nc3cc(C(C)(C)C)nn3-c3ccc(C)cc3)cc2)ccn1	G2 active	Train	498.59	3	5	6	4	4	110.17								<rdkit.DataStructs.cDataStructs.ExplicitBitVect object at 0x000001B314AA47B0>	G1	<rdkit.Chem.rdchem.Mol object at 0x000001B314A94E40>
CHEMBL572881	1	CC1(C)CNc2cc(NC(=O)c3cccnc3NCc3ccncc3)ccc21	CC1(C)CNc2cc(NC(=O)c3cccnc3NCc3ccncc3)ccc21	G2 active	Train	373.46	3	5	5	4	3	78.94								<rdkit.DataStructs.cDataStructs.ExplicitBitVect object at 0x000001B314AA4740>	G1	<rdkit.Chem.rdchem.Mol object at 0x000001B314A94EB0>
CHEMBL558752	1	Cn1c(Nc2ccc(C(F)(F)F)cc2)nc2cc(Oc3ccnc(-c4ncc(C(F)(F)F)[nH]4)c3)ccc21	Cn1c(Nc2ccc(C(F)(F)F)cc2)nc2cc(Oc3ccnc(-c4ncc(C(F)(F)F)[nH]4)c3)ccc21	G2 active	Train	518.42	2	5	5	5	5	80.65								<rdkit.DataStructs.cDataStructs.ExplicitBitVect object at 0x000001B314AA46D0>	G1	<rdkit.Chem.rdchem.Mol object at 0x000001B314A94F20>
CHEMBL570421	1	CCOC(=O)N1C2CCC1CC(c1ccnc3c(-c4ccc(C)c(O)c4)c(-c4ccncc4)nn13)C2	CCOC(=O)N1C2CCC1CC(c1ccnc3c(-c4ccc(C)c(O)c4)c(-c4ccncc4)nn13)C2	G2 active	Train	483.57	1	6	4	6	4	92.85								<rdkit.DataStructs.cDataStructs.ExplicitBitVect object at 0x000001B314AA4510>	G1	<rdkit.Chem.rdchem.Mol object at 0x000001B314A950E0>
CHEMBL570873	1	CN1C2CC(CO)C1Cc1cnc3c(-c4ccc(Cl)c(O)c4)c(-c4ccncc4)nn3c12	CN1C2CC(CO)C1Cc1cnc3c(-c4ccc(Cl)c(O)c4)c(-c4ccncc4)nn3c12	G2 active	Train	447.93	2	6	3	6	4	86.78								<rdkit.DataStructs.cDataStructs.ExplicitBitVect object at 0x000001B314AA44A0>	G1	<rdkit.Chem.rdchem.Mol object at 0x000001B314A95150>
CHEMBL1086871	1	Oc1cccc(-c2c(-c3ccncc3)nn3c(-c4ccc(N[C@H]5CN6CCC5CC6)cc4)ccnc23)c1	Oc1cccc(-c2c(-c3ccncc3)nn3c(-c4ccc(N[C@H]5CN6CCC5CC6)cc4)ccnc23)c1	G2 active	Train	488.6	2	6	5	8	5	78.58								<rdkit.DataStructs.cDataStructs.ExplicitBitVect object at 0x000001B314AA4430>	G1	<rdkit.Chem.rdchem.Mol object at 0x000001B314A951C0>
CHEMBL571748	1	O=C(O)[C@H]1CCCN1C(=O)N1C2CCC1CC(c1ccnc3c(-c4cccc5[nH]ncc45)c(-c4ccncc4)nn13)C2	O=C(O)[C@H]1CCCN1C(=O)N1C2CCC1CC(c1ccnc3c(-c4cccc5[nH]ncc45)c(-c4ccncc4)nn13)C2	G2 active	Train	562.63	2	7	4	8	5	132.61								<rdkit.DataStructs.cDataStructs.ExplicitBitVect object at 0x000001B314AA4350>	G1	<rdkit.Chem.rdchem.Mol object at 0x000001B314A952A0>
CHEMBL1087522	1	O=C(Nc1cccc(-c2ccnc3c(-c4ccc(CN5CCCC5)cc4)cnn23)c1)c1cccc(C(F)(F)F)c1	O=C(Nc1cccc(-c2ccnc3c(-c4ccc(CN5CCCC5)cc4)cnn23)c1)c1cccc(C(F)(F)F)c1	G2 active	Train	541.58	1	4	6	6	5	62.53								<rdkit.DataStructs.cDataStructs.ExplicitBitVect object at 0x000001B314AA42E0>	G1	<rdkit.Chem.rdchem.Mol object at 0x000001B314A95310>
CHEMBL571278	1	C#Cc1cccc(Nc2nccc3c(Nc4ncccc4-c4cc(NC)ncn4)c(C)ccc23)c1	C#Cc1cccc(Nc2nccc3c(Nc4ncccc4-c4cc(NC)ncn4)c(C)ccc23)c1	G2 active	Train	457.54	3	7	6	5	5	87.65								<rdkit.DataStructs.cDataStructs.ExplicitBitVect object at 0x000001B314AA4270>	G1	<rdkit.Chem.rdchem.Mol object at 0x000001B314A95380>
CHEMBL496265	1	CCn1cc(-c2ccnc3[nH]ccc23)c(-c2cccc(NC(=O)NCc3ccccc3)c2)n1	CCn1cc(-c2ccnc3[nH]ccc23)c(-c2cccc(NC(=O)NCc3ccccc3)c2)n1	G2 active	Train	436.52	3	3	6	5	5	87.63								<rdkit.DataStructs.cDataStructs.ExplicitBitVect object at 0x000001B314AA4190>	G1	<rdkit.Chem.rdchem.Mol object at 0x000001B314A95460>
CHEMBL1213924	1	Cc1ccc(NC(=O)Nc2ccc(Cl)c(C(F)(F)F)c2)cc1Nc1nccc(-c2cccnc2)n1	Cc1ccc(NC(=O)Nc2ccc(Cl)c(C(F)(F)F)c2)cc1Nc1nccc(-c2cccnc2)n1	G2 active	Train	498.9	3	5	5	4	4	91.83								<rdkit.DataStructs.cDataStructs.ExplicitBitVect object at 0x000001B314AA4120>	G1	<rdkit.Chem.rdchem.Mol object at 0x000001B314A954D0>
CHEMBL199006	1	Cc1c(Cc2ccccc2)c(=O)oc2cc(OC(=O)C3CC3)ccc12	Cc1c(Cc2ccccc2)c(=O)oc2cc(OC(=O)C3CC3)ccc12	G2 active	Train	334.37	0	4	4	4	3	56.51								<rdkit.DataStructs.cDataStructs.ExplicitBitVect object at 0x000001B314AA40B0>	G1	<rdkit.Chem.rdchem.Mol object at 0x000001B314A95540>
CHEMBL198244	1	CC(=O)Nc1cccc(-c2cncc(Nc3cccc(-c4cnco4)c3)n2)c1	CC(=O)Nc1cccc(-c2cncc(Nc3cccc(-c4cnco4)c3)n2)c1	G2 active	Train	371.4	2	6	5	4	4	92.94								<rdkit.DataStructs.cDataStructs.ExplicitBitVect object at 0x000001B314AA4040>	G1	<rdkit.Chem.rdchem.Mol object at 0x000001B314A955B0>
CHEMBL1091684	1	O=C(Nc1cccc(-c2ccnc3cc(-c4ccnc(NCCN5CCOCC5)c4)nn23)c1)c1cccc(C(F)(F)F)c1	O=C(Nc1cccc(-c2ccnc3cc(-c4ccnc(NCCN5CCOCC5)c4)nn23)c1)c1cccc(C(F)(F)F)c1	G2 active	Train	587.61	2	7	8	6	5	96.68								<rdkit.DataStructs.cDataStructs.ExplicitBitVect object at 0x000001B314AA5310>	G1	<rdkit.Chem.rdchem.Mol object at 0x000001B314A95620>
CHEMBL585144	1	CCOC(=O)N1C2CCC1CC(c1ccnc3c(-c4ccc(Cl)c5[nH]ncc45)c(-c4ccncc4)nn13)C2	CCOC(=O)N1C2CCC1CC(c1ccnc3c(-c4ccc(Cl)c5[nH]ncc45)c(-c4ccncc4)nn13)C2	G2 active	Train	528.02	1	6	4	7	5	101.3								<rdkit.DataStructs.cDataStructs.ExplicitBitVect object at 0x000001B314AA4F20>	G2	<rdkit.Chem.rdchem.Mol object at 0x000001B314A95690>
CHEMBL571112	1	CN1C2CC(S(=O)(=O)c3ccccc3)C1Cc1cnc3c(-c4ccc(Cl)c(O)c4)c(-c4ccncc4)nn3c12	CN1C2CC(S(=O)(=O)c3ccccc3)C1Cc1cnc3c(-c4ccc(Cl)c(O)c4)c(-c4ccncc4)nn3c12	G2 active	Train	558.06	1	7	4	7	5	100.69								<rdkit.DataStructs.cDataStructs.ExplicitBitVect object at 0x000001B314AA4CF0>	G2	<rdkit.Chem.rdchem.Mol object at 0x000001B314A95850>
CHEMBL569312	1	CS(=O)(=O)C1C2CCC1CC(c1ccnc3c(-c4ccc(Cl)c(O)c4)c(-c4ccncc4)nn13)C2	CS(=O)(=O)C1C2CCC1CC(c1ccnc3c(-c4ccc(Cl)c(O)c4)c(-c4ccncc4)nn13)C2	G2 active	Train	509.03	1	6	4	6	4	97.45								<rdkit.DataStructs.cDataStructs.ExplicitBitVect object at 0x000001B314AA4C80>	G2	<rdkit.Chem.rdchem.Mol object at 0x000001B314A957E0>
CHEMBL1088289	1	Oc1cccc(-c2c(-c3ccncc3)nn3c(-c4ccc(NCC56CCN(CC5)CC6)cc4)ccnc23)c1	Oc1cccc(-c2c(-c3ccncc3)nn3c(-c4ccc(NCC56CCN(CC5)CC6)cc4)ccnc23)c1	G2 active	Train	502.62	2	6	6	8	5	78.58								<rdkit.DataStructs.cDataStructs.ExplicitBitVect object at 0x000001B314A9DE00>	G2	<rdkit.Chem.rdchem.Mol object at 0x000001B314A958C0>
CHEMBL570573	1	CNc1cc(-c2cccnc2Nc2c(C)ccc3c(Nc4ccc5sc(C)nc5c4)nccc23)ncn1	CNc1cc(-c2cccnc2Nc2c(C)ccc3c(Nc4ccc5sc(C)nc5c4)nccc23)ncn1	G2 active	Train	504.62	3	8	6	6	6	100.54								<rdkit.DataStructs.cDataStructs.ExplicitBitVect object at 0x000001B314A9FED0>	G2	<rdkit.Chem.rdchem.Mol object at 0x000001B314A959A0>
CHEMBL521732	1	Cn1cc(-c2ccc3cn[nH]c3c2)c(-c2ccncc2)n1	Cn1cc(-c2ccc3cn[nH]c3c2)c(-c2ccncc2)n1	G2 active	Train	275.31	1	3	2	4	4	59.39								<rdkit.DataStructs.cDataStructs.ExplicitBitVect object at 0x000001B314A9FE60>	G2	<rdkit.Chem.rdchem.Mol object at 0x000001B314A95A10>
CHEMBL1093105	1	O=C(Nc1cccc(-c2ccnc3cc(N4CCOCC4)nn23)c1)c1cccc(C(F)(F)F)c1	O=C(Nc1cccc(-c2ccnc3cc(N4CCOCC4)nn23)c1)c1cccc(C(F)(F)F)c1	G2 active	Train	467.45	1	5	4	5	4	71.76								<rdkit.DataStructs.cDataStructs.ExplicitBitVect object at 0x000001B314A9FDF0>	G2	<rdkit.Chem.rdchem.Mol object at 0x000001B314A95A80>
CHEMBL576787	1	CNc1ncc2cc(-c3c(C)ccc4c(Nc5ccc(Cl)cc5)nccc34)ccc2n1	CNc1ncc2cc(-c3c(C)ccc4c(Nc5ccc(Cl)cc5)nccc34)ccc2n1	G2 active	Train	425.92	2	5	4	5	5	62.73								<rdkit.DataStructs.cDataStructs.ExplicitBitVect object at 0x000001B314A9FD80>	G2	<rdkit.Chem.rdchem.Mol object at 0x000001B314A95AF0>
CHEMBL1213973	1	Cc1ccc(-n2nc(C(C)(C)C)cc2NC(=O)Nc2ccc(C)c(Nc3nccc(-c4cccnc4)n3)c2)cc1	Cc1ccc(-n2nc(C(C)(C)C)cc2NC(=O)Nc2ccc(C)c(Nc3nccc(-c4cccnc4)n3)c2)cc1	G2 active	Train	532.65	3	6	6	5	5	109.65								<rdkit.DataStructs.cDataStructs.ExplicitBitVect object at 0x000001B314A9FBC0>	G2	<rdkit.Chem.rdchem.Mol object at 0x000001B314A95C40>
CHEMBL498344	1	O/N=C1\CCc2cc(-c3cn([C@@H]4CCC[C@H](O)C4)nc3-c3ccncc3)ccc21	O/N=C1\CCc2cc(-c3cn([C@@H]4CCC[C@H](O)C4)nc3-c3ccncc3)ccc21	G2 active	Train	388.47	2	4	3	5	3	83.53								<rdkit.DataStructs.cDataStructs.ExplicitBitVect object at 0x000001B314A9FAE0>	G2	<rdkit.Chem.rdchem.Mol object at 0x000001B314A95D20>
CHEMBL524640	1	O/N=C1\CCc2cc(-c3cn([C@H]4CCC[C@@H]4O)nc3-c3ccncc3)ccc21	O/N=C1\CCc2cc(-c3cn([C@H]4CCC[C@@H]4O)nc3-c3ccncc3)ccc21	G2 active	Train	374.44	2	4	3	5	3	83.53								<rdkit.DataStructs.cDataStructs.ExplicitBitVect object at 0x000001B314A9FA70>	G2	<rdkit.Chem.rdchem.Mol object at 0x000001B314A95D90>
CHEMBL500660	1	Cn1ncc(-c2ccc3c(c2)CC/C3=N\O)c1-c1ccncc1	Cn1ncc(-c2ccc3c(c2)CC/C3=N\O)c1-c1ccncc1	G2 active	Train	304.35	1	3	2	4	3	63.3								<rdkit.DataStructs.cDataStructs.ExplicitBitVect object at 0x000001B314A9FA00>	G2	<rdkit.Chem.rdchem.Mol object at 0x000001B314A95E00>
CHEMBL478190	1	CC(COc1nccc(-c2nc(-c3ccc4c(c3)CC/C4=N\O)c(-c3ccncc3)[nH]2)n1)N(C)C	CC(COc1nccc(-c2nc(-c3ccc4c(c3)CC/C4=N\O)c(-c3ccncc3)[nH]2)n1)N(C)C	G2 active	Train	469.55	2	7	7	5	4	112.41								<rdkit.DataStructs.cDataStructs.ExplicitBitVect object at 0x000001B314A9F990>	G2	<rdkit.Chem.rdchem.Mol object at 0x000001B314A95E70>
CHEMBL514210	1	CN(C)CCNC(=O)c1cc(-c2ccc3c(c2)CC/C3=N\O)c(-c2ccncc2)o1	CN(C)CCNC(=O)c1cc(-c2ccc3c(c2)CC/C3=N\O)c(-c2ccncc2)o1	G2 active	Train	404.47	2	5	6	4	3	90.96								<rdkit.DataStructs.cDataStructs.ExplicitBitVect object at 0x000001B314A9F920>	G2	<rdkit.Chem.rdchem.Mol object at 0x000001B314A95EE0>
CHEMBL477988	1	CN(C)CCOc1cc(-c2ccncc2)c(-c2ccc3c(c2)CC/C3=N\O)o1	CN(C)CCOc1cc(-c2ccncc2)c(-c2ccc3c(c2)CC/C3=N\O)o1	G2 active	Train	377.44	1	5	6	4	3	71.09								<rdkit.DataStructs.cDataStructs.ExplicitBitVect object at 0x000001B314A9F8B0>	G2	<rdkit.Chem.rdchem.Mol object at 0x000001B314A95F50>
CHEMBL372543	1	O/N=C1\CCc2cc(-c3[nH]c(-c4ccccc4)nc3-c3ccncc3)ccc21	O/N=C1\CCc2cc(-c3[nH]c(-c4ccccc4)nc3-c3ccncc3)ccc21	G2 active	Train	366.42	2	3	3	5	4	74.16								<rdkit.DataStructs.cDataStructs.ExplicitBitVect object at 0x000001B314A9F760>	G2	<rdkit.Chem.rdchem.Mol object at 0x000001B314A95FC0>
CHEMBL515491	1	O=C(NCCN1CCOCC1)c1nc(-c2ccc3c(c2)CC/C3=N\O)c(-c2ccncc2)[nH]1	O=C(NCCN1CCOCC1)c1nc(-c2ccc3c(c2)CC/C3=N\O)c(-c2ccncc2)[nH]1	G2 active	Train	446.51	3	6	6	5	3	115.73								<rdkit.DataStructs.cDataStructs.ExplicitBitVect object at 0x000001B314A9F6F0>	G2	<rdkit.Chem.rdchem.Mol object at 0x000001B314A96030>
CHEMBL523261	1	Cn1cc(-c2ccc3c(c2)Cc2c[nH]nc2-3)c(-c2ccncc2)n1	Cn1cc(-c2ccc3c(c2)Cc2c[nH]nc2-3)c(-c2ccncc2)n1	G2 active	Train	313.36	1	3	2	5	5	59.39								<rdkit.DataStructs.cDataStructs.ExplicitBitVect object at 0x000001B314A9F680>	G2	<rdkit.Chem.rdchem.Mol object at 0x000001B314A960A0>
CHEMBL478824	1	O/N=C1\CCc2cc(-c3nc(C4CCNCC4)[nH]c3-c3ccncc3)ccc21	O/N=C1\CCc2cc(-c3nc(C4CCNCC4)[nH]c3-c3ccncc3)ccc21	G2 active	Train	373.46	3	4	3	5	3	86.19								<rdkit.DataStructs.cDataStructs.ExplicitBitVect object at 0x000001B314A9F5A0>	G2	<rdkit.Chem.rdchem.Mol object at 0x000001B314A96110>
CHEMBL200172	1	CC(C)(C)c1nc(-c2ccc(Cl)c(O)c2)c(-c2ccncc2)[nH]1	CC(C)(C)c1nc(-c2ccc(Cl)c(O)c2)c(-c2ccncc2)[nH]1	G2 active	Train	327.81	2	3	2	3	3	61.8								<rdkit.DataStructs.cDataStructs.ExplicitBitVect object at 0x000001B314A9F530>	G2	<rdkit.Chem.rdchem.Mol object at 0x000001B314A96180>
CHEMBL456350	1	CCn1cc(-c2ccnc3[nH]ccc23)c(-c2cccc(NC(=O)Nc3cccc(OC)c3)c2)n1	CCn1cc(-c2ccnc3[nH]ccc23)c(-c2cccc(NC(=O)Nc3cccc(OC)c3)c2)n1	G2 active	Train	452.52	3	4	6	5	5	96.86								<rdkit.DataStructs.cDataStructs.ExplicitBitVect object at 0x000001B314A9F4C0>	G2	<rdkit.Chem.rdchem.Mol object at 0x000001B314A961F0>
CHEMBL497701	1	Cn1cc(-c2ccc3c(c2)CC/C3=N\O)c(-c2ccncn2)n1	Cn1cc(-c2ccc3c(c2)CC/C3=N\O)c(-c2ccncn2)n1	G2 active	Train	305.34	1	4	2	4	3	76.19								<rdkit.DataStructs.cDataStructs.ExplicitBitVect object at 0x000001B314A9F450>	G2	<rdkit.Chem.rdchem.Mol object at 0x000001B314A96260>
CHEMBL496478	1	Cn1cc(-c2ccc3c(c2)CC/C3=N\O)c(-c2cnco2)n1	Cn1cc(-c2ccc3c(c2)CC/C3=N\O)c(-c2cnco2)n1	G2 active	Train	294.31	1	4	2	4	3	76.44								<rdkit.DataStructs.cDataStructs.ExplicitBitVect object at 0x000001B314A9F3E0>	G2	<rdkit.Chem.rdchem.Mol object at 0x000001B314A962D0>
CHEMBL478823	1	CC(C)(CN)c1nc(-c2ccc3c(c2)CC/C3=N\O)c(-c2ccncc2)[nH]1	CC(C)(CN)c1nc(-c2ccc3c(c2)CC/C3=N\O)c(-c2ccncc2)[nH]1	G2 active	Train	361.45	3	4	4	4	3	100.18								<rdkit.DataStructs.cDataStructs.ExplicitBitVect object at 0x000001B314A9F370>	G2	<rdkit.Chem.rdchem.Mol object at 0x000001B314A96340>
CHEMBL200783	1	O/N=C/c1ccc(-c2[nH]c(-c3ccccc3)nc2-c2ccncc2)cc1	O/N=C/c1ccc(-c2[nH]c(-c3ccccc3)nc2-c2ccncc2)cc1	G2 active	Train	340.39	2	3	4	4	4	74.16								<rdkit.DataStructs.cDataStructs.ExplicitBitVect object at 0x000001B314A9F300>	G2	<rdkit.Chem.rdchem.Mol object at 0x000001B314A963B0>
CHEMBL381250	1	Oc1cc(-c2[nH]c(-c3cccnc3)nc2-c2ccncc2)ccc1Cl	Oc1cc(-c2[nH]c(-c3cccnc3)nc2-c2ccncc2)ccc1Cl	G2 active	Train	348.79	2	4	3	4	4	74.69								<rdkit.DataStructs.cDataStructs.ExplicitBitVect object at 0x000001B314A9F220>	G2	<rdkit.Chem.rdchem.Mol object at 0x000001B314A96490>
CHEMBL476732	1	O/N=C1\CCc2cc(-c3cc(CN4CCOCC4)oc3-c3ccncc3)ccc21	O/N=C1\CCc2cc(-c3cc(CN4CCOCC4)oc3-c3ccncc3)ccc21	G2 active	Train	389.46	1	5	4	5	3	71.09								<rdkit.DataStructs.cDataStructs.ExplicitBitVect object at 0x000001B314A9F1B0>	G2	<rdkit.Chem.rdchem.Mol object at 0x000001B314A96500>
CHEMBL370353	1	Oc1cc(-c2[nH]c(-c3ccccc3)nc2-c2ccncn2)ccc1Cl	Oc1cc(-c2[nH]c(-c3ccccc3)nc2-c2ccncn2)ccc1Cl	G2 active	Train	348.79	2	4	3	4	4	74.69								<rdkit.DataStructs.cDataStructs.ExplicitBitVect object at 0x000001B314A9F140>	G2	<rdkit.Chem.rdchem.Mol object at 0x000001B314A96570>
CHEMBL497866	1	Cn1cc(-c2ccc(/C(N)=N\O)cc2)c(-c2ccncc2)n1	Cn1cc(-c2ccc(/C(N)=N\O)cc2)c(-c2ccncc2)n1	G2 active	Train	293.33	2	4	3	3	3	89.32								<rdkit.DataStructs.cDataStructs.ExplicitBitVect object at 0x000001B314A9F060>	G2	<rdkit.Chem.rdchem.Mol object at 0x000001B314A96650>
CHEMBL430413	1	CNc1nccc(-c2[nH]c(C3CC3)nc2-c2cccc(NC(=O)Nc3ccc(Cl)c(C(F)(F)F)c3)c2)n1	CNc1nccc(-c2[nH]c(C3CC3)nc2-c2cccc(NC(=O)Nc3ccc(Cl)c(C(F)(F)F)c3)c2)n1	G2 active	Train	527.94	4	5	6	5	4	107.62								<rdkit.DataStructs.cDataStructs.ExplicitBitVect object at 0x000001B314A9EFF0>	G2	<rdkit.Chem.rdchem.Mol object at 0x000001B314A966C0>
CHEMBL569882	1	CNc1ncc2cc(-c3c(C)ccc4c(Nc5cc(C(C)(C)C)nn5C)nccc34)ccc2n1	CNc1ncc2cc(-c3c(C)ccc4c(Nc5cc(C(C)(C)C)nn5C)nccc34)ccc2n1	G2 active	Train	451.58	2	6	4	5	5	80.55								<rdkit.DataStructs.cDataStructs.ExplicitBitVect object at 0x000001B314A9EF80>	G2	<rdkit.Chem.rdchem.Mol object at 0x000001B314A96730>
CHEMBL246424	1	CNc1nccc(CNc2ccccc2C(=O)Nc2ccc3c(c2)OC(F)(F)O3)n1	CNc1nccc(CNc2ccccc2C(=O)Nc2ccc3c(c2)OC(F)(F)O3)n1	G2 active	Train	413.38	3	7	6	4	3	97.4								<rdkit.DataStructs.cDataStructs.ExplicitBitVect object at 0x000001B314A9EF10>	G2	<rdkit.Chem.rdchem.Mol object at 0x000001B314A967A0>
CHEMBL1076204	1	CN1CCN(c2ccc(-c3cnn4c(-c5cc(NC(=O)c6cccc(C(F)(F)F)c6)ccc5F)ccnc34)cn2)CC1	CN1CCN(c2ccc(-c3cnn4c(-c5cc(NC(=O)c6cccc(C(F)(F)F)c6)ccc5F)ccnc34)cn2)CC1	G2 active	Train	575.57	1	6	5	6	5	78.66								<rdkit.DataStructs.cDataStructs.ExplicitBitVect object at 0x000001B314A9EEA0>	G2	<rdkit.Chem.rdchem.Mol object at 0x000001B314A96810>
CHEMBL371958	1	CC(=O)Nc1cccc(-c2cncc(Nc3ccc4c(c3)OCO4)n2)c1	CC(=O)Nc1cccc(-c2cncc(Nc3ccc4c(c3)OCO4)n2)c1	G2 active	Train	348.36	2	6	4	4	3	85.37								<rdkit.DataStructs.cDataStructs.ExplicitBitVect object at 0x000001B314A9EE30>	G2	<rdkit.Chem.rdchem.Mol object at 0x000001B314A96880>
CHEMBL583894	1	CCOC(=O)N1C2CCC1CC(c1ccnc3c(-c4ccc5cc[nH]c5c4)c(-c4ccncc4)nn13)C2	CCOC(=O)N1C2CCC1CC(c1ccnc3c(-c4ccc5cc[nH]c5c4)c(-c4ccncc4)nn13)C2	G2 active	Train	492.58	1	5	4	7	5	88.41								<rdkit.DataStructs.cDataStructs.ExplicitBitVect object at 0x000001B314A9EC00>	G2	<rdkit.Chem.rdchem.Mol object at 0x000001B314A968F0>
CHEMBL391781	1	O=C(Nc1ccc2c(c1)OC(F)(F)C(F)(F)O2)c1ccccc1NCc1ccncc1	O=C(Nc1ccc2c(c1)OC(F)(F)C(F)(F)O2)c1ccccc1NCc1ccncc1	G2 active	Train	433.36	2	5	5	4	3	72.48								<rdkit.DataStructs.cDataStructs.ExplicitBitVect object at 0x000001B314A9EB20>	G2	<rdkit.Chem.rdchem.Mol object at 0x000001B314A96960>
CHEMBL247618	1	CNC(=O)c1cc(CNc2ccsc2C(=O)Nc2ccc3c(c2)OC(F)(F)O3)ccn1	CNC(=O)c1cc(CNc2ccsc2C(=O)Nc2ccc3c(c2)OC(F)(F)O3)ccn1	G2 active	Train	446.44	3	6	6	4	3	101.58								<rdkit.DataStructs.cDataStructs.ExplicitBitVect object at 0x000001B314A9EAB0>	G2	<rdkit.Chem.rdchem.Mol object at 0x000001B314A969D0>
CHEMBL247250	1	CNC(=O)Nc1ccc(CNc2ncsc2C(=O)Nc2ccc3c(c2)OC(F)(F)O3)cn1	CNC(=O)Nc1ccc(CNc2ncsc2C(=O)Nc2ccc3c(c2)OC(F)(F)O3)cn1	G2 active	Train	462.44	4	7	6	4	3	126.5								<rdkit.DataStructs.cDataStructs.ExplicitBitVect object at 0x000001B314A9EA40>	G2	<rdkit.Chem.rdchem.Mol object at 0x000001B314A96A40>
CHEMBL103667	1	Cc1ccc(-n2nc(C(C)(C)C)cc2NC(=O)Nc2ccc(OCCN3CCOCC3)c3ccccc23)cc1	Cc1ccc(-n2nc(C(C)(C)C)cc2NC(=O)Nc2ccc(OCCN3CCOCC3)c3ccccc23)cc1	G2 active	Train	527.67	2	5	7	5	4	80.65								<rdkit.DataStructs.cDataStructs.ExplicitBitVect object at 0x000001B314A9E960>	G2	<rdkit.Chem.rdchem.Mol object at 0x000001B314A96B20>
CHEMBL381421	1	Oc1cc(-c2[nH]c(-c3ccccc3)nc2-c2ccnnc2)ccc1Cl	Oc1cc(-c2[nH]c(-c3ccccc3)nc2-c2ccnnc2)ccc1Cl	G2 active	Train	348.79	2	4	3	4	4	74.69								<rdkit.DataStructs.cDataStructs.ExplicitBitVect object at 0x000001B314A9E880>	G2	<rdkit.Chem.rdchem.Mol object at 0x000001B314A96B90>
CHEMBL1213976	1	O=C(Nc1ccc(OCCN2CCOCC2)cc1)Nc1ccc(Cl)c(C(F)(F)F)c1	O=C(Nc1ccc(OCCN2CCOCC2)cc1)Nc1ccc(Cl)c(C(F)(F)F)c1	G2 active	Train	443.85	2	4	6	3	2	62.83								<rdkit.DataStructs.cDataStructs.ExplicitBitVect object at 0x000001B314A9E810>	G2	<rdkit.Chem.rdchem.Mol object at 0x000001B314A96C00>
CHEMBL247424	1	O=C(Nc1ccc2c(c1)OC(F)(F)O2)c1ccccc1NCc1ccnc(NCCCn2ccnc2)c1	O=C(Nc1ccc2c(c1)OC(F)(F)O2)c1ccccc1NCc1ccnc(NCCCn2ccnc2)c1	G2 active	Train	506.51	3	7	10	5	4	102.33								<rdkit.DataStructs.cDataStructs.ExplicitBitVect object at 0x000001B314A9E7A0>	G2	<rdkit.Chem.rdchem.Mol object at 0x000001B314A96C70>
CHEMBL166030	1	CNC(=O)c1cccc(Oc2ccc(NC(=O)Nc3cc(C(C)(C)C)on3)cc2)c1	CNC(=O)c1cccc(Oc2ccc(NC(=O)Nc3cc(C(C)(C)C)on3)cc2)c1	G2 active	Train	408.46	3	5	5	3	3	105.49								<rdkit.DataStructs.cDataStructs.ExplicitBitVect object at 0x000001B314A9E730>	G2	<rdkit.Chem.rdchem.Mol object at 0x000001B314A96CE0>
CHEMBL512329	1	CC(C)(C)c1cc(NC(=O)Nc2ccc(Oc3ccncc3)cc2)on1	CC(C)(C)c1cc(NC(=O)Nc2ccc(Oc3ccncc3)cc2)on1	G2 active	Train	352.39	2	5	4	3	3	89.28								<rdkit.DataStructs.cDataStructs.ExplicitBitVect object at 0x000001B314A9E6C0>	G2	<rdkit.Chem.rdchem.Mol object at 0x000001B314A96D50>
CHEMBL583340	1	CCOC(=O)N1C2CCC1CC(c1ccnc3c(-c4ccc(-c5nnco5)cc4)c(-c4ccncc4)nn13)C2	CCOC(=O)N1C2CCC1CC(c1ccnc3c(-c4ccc(-c5nnco5)cc4)c(-c4ccncc4)nn13)C2	G2 active	Train	521.58	0	8	5	7	5	111.54								<rdkit.DataStructs.cDataStructs.ExplicitBitVect object at 0x000001B314A9E500>	G2	<rdkit.Chem.rdchem.Mol object at 0x000001B314A96E30>
CHEMBL400308	1	O=C(Nc1ccc2c(c1)OC(F)(F)O2)c1ccccc1NCc1ccnc(C2=NCCN2)c1	O=C(Nc1ccc2c(c1)OC(F)(F)O2)c1ccccc1NCc1ccnc(C2=NCCN2)c1	G2 active	Train	451.43	3	6	6	5	3	96.87								<rdkit.DataStructs.cDataStructs.ExplicitBitVect object at 0x000001B314A9E490>	G2	<rdkit.Chem.rdchem.Mol object at 0x000001B314A96EA0>
CHEMBL247435	1	CNC(=O)c1cc(CNc2c(C(=O)Nc3ccc4c(c3)OC(F)(F)O4)cnn2C)ccn1	CNC(=O)c1cc(CNc2c(C(=O)Nc3ccc4c(c3)OC(F)(F)O4)cnn2C)ccn1	G2 active	Train	444.4	3	7	6	4	3	119.4								<rdkit.DataStructs.cDataStructs.ExplicitBitVect object at 0x000001B314A9E2D0>	G2	<rdkit.Chem.rdchem.Mol object at 0x000001B314A96FF0>
CHEMBL1081647	1	O=C(Nc1cccc(-c2ccnc3c(-c4cnn(CCN5CCCC5)c4)cnn23)c1)c1cccc(C(F)(F)F)c1	O=C(Nc1cccc(-c2ccnc3c(-c4cnn(CCN5CCCC5)c4)cnn23)c1)c1cccc(C(F)(F)F)c1	G2 active	Train	545.57	1	5	7	6	5	80.35								<rdkit.DataStructs.cDataStructs.ExplicitBitVect object at 0x000001B314A9E260>	G2	<rdkit.Chem.rdchem.Mol object at 0x000001B314A97060>
CHEMBL549476	1	COC(=O)c1cnn2c(-c3cccc(NC(=O)c4cccc(C(F)(F)F)c4)c3)ccnc12	COC(=O)c1cnn2c(-c3cccc(NC(=O)c4cccc(C(F)(F)F)c4)c3)ccnc12	G2 active	Train	440.38	1	5	4	4	4	85.59								<rdkit.DataStructs.cDataStructs.ExplicitBitVect object at 0x000001B314A9E180>	G2	<rdkit.Chem.rdchem.Mol object at 0x000001B314A970D0>
CHEMBL521731	1	Cn1cc(-c2ccc3c(c2)CC/C3=N\O)c(-c2cccnc2)n1	Cn1cc(-c2ccc3c(c2)CC/C3=N\O)c(-c2cccnc2)n1	G2 active	Train	304.35	1	3	2	4	3	63.3								<rdkit.DataStructs.cDataStructs.ExplicitBitVect object at 0x000001B314A9E110>	G2	<rdkit.Chem.rdchem.Mol object at 0x000001B314A97140>
CHEMBL402029	1	CNc1nccc(-c2[nH]c(C3CC3)nc2-c2cccc(NS(=O)(=O)Cc3ccc(Cl)c(Cl)c3)c2)n1	CNc1nccc(-c2[nH]c(C3CC3)nc2-c2cccc(NS(=O)(=O)Cc3ccc(Cl)c(Cl)c3)c2)n1	G2 active	Train	529.45	3	6	8	5	4	112.66								<rdkit.DataStructs.cDataStructs.ExplicitBitVect object at 0x000001B314A9E0A0>	G2	<rdkit.Chem.rdchem.Mol object at 0x000001B314A971B0>
CHEMBL199811	1	CC(=O)Nc1cccc(-c2cncc(Nc3ccc4c(c3)C(=O)OC4)n2)c1	CC(=O)Nc1cccc(-c2cncc(Nc3ccc4c(c3)C(=O)OC4)n2)c1	G2 active	Train	360.37	2	6	4	4	3	93.21								<rdkit.DataStructs.cDataStructs.ExplicitBitVect object at 0x000001B314A9E030>	G2	<rdkit.Chem.rdchem.Mol object at 0x000001B314A97220>
CHEMBL1090804	1	O=C(Nc1cccc(-c2ncnc3cc(-c4ccncc4)sc23)c1)c1cccc(C(F)(F)F)c1	O=C(Nc1cccc(-c2ncnc3cc(-c4ccncc4)sc23)c1)c1cccc(C(F)(F)F)c1	G2 active	Train	476.48	1	4	4	5	5	67.77								<rdkit.DataStructs.cDataStructs.ExplicitBitVect object at 0x000001B314A9DFC0>	G2	<rdkit.Chem.rdchem.Mol object at 0x000001B314A97290>
CHEMBL471756	1	CC(C)(C)c1cc(NC(=O)Nc2ccc(Cc3ccncc3)cc2)no1	CC(C)(C)c1cc(NC(=O)Nc2ccc(Cc3ccncc3)cc2)no1	G2 active	Train	350.42	2	4	4	3	3	80.05								<rdkit.DataStructs.cDataStructs.ExplicitBitVect object at 0x000001B314A9DF50>	G2	<rdkit.Chem.rdchem.Mol object at 0x000001B314A97300>
CHEMBL1087906	1	O=C(Nc1cccc(-c2ccnc3c(-c4cnc(N5CCOCC5)nc4)cnn23)c1)c1cccc(C(F)(F)F)c1	O=C(Nc1cccc(-c2ccnc3c(-c4cnc(N5CCOCC5)nc4)cnn23)c1)c1cccc(C(F)(F)F)c1	G2 active	Train	545.53	1	7	5	6	5	97.54								<rdkit.DataStructs.cDataStructs.ExplicitBitVect object at 0x000001B314A9DD20>	G2	<rdkit.Chem.rdchem.Mol object at 0x000001B314A973E0>
CHEMBL526671	1	Cn1cc(-c2ccc3c(c2)CC/C3=N\O)c(-c2ccc3c(cnn3C)c2)n1	Cn1cc(-c2ccc3c(c2)CC/C3=N\O)c(-c2ccc3c(cnn3C)c2)n1	G2 active	Train	357.42	1	3	2	5	4	68.23								<rdkit.DataStructs.cDataStructs.ExplicitBitVect object at 0x000001B314A9FC30>	G2	<rdkit.Chem.rdchem.Mol object at 0x000001B314A97450>
CHEMBL526479	1	O/N=C1\CCc2cc(-c3cn(C4CCNCC4)nc3-c3ccncc3)ccc21	O/N=C1\CCc2cc(-c3cn(C4CCNCC4)nc3-c3ccncc3)ccc21	G2 active	Train	373.46	2	4	3	5	3	75.33								<rdkit.DataStructs.cDataStructs.ExplicitBitVect object at 0x000001B314A9F840>	G2	<rdkit.Chem.rdchem.Mol object at 0x000001B314A974C0>
CHEMBL477565	1	CN(C)CCOc1cc(-c2ccc3c(c2)CC/C3=N\O)c(-c2ccncc2)[nH]1	CN(C)CCOc1cc(-c2ccc3c(c2)CC/C3=N\O)c(-c2ccncc2)[nH]1	G2 active	Train	376.46	2	4	6	4	3	73.74								<rdkit.DataStructs.cDataStructs.ExplicitBitVect object at 0x000001B314A9F7D0>	G2	<rdkit.Chem.rdchem.Mol object at 0x000001B314A97530>
CHEMBL524445	1	O/N=C1\CCc2cc(-c3cn(CC4CCCNC4)nc3-c3ccncc3)ccc21	O/N=C1\CCc2cc(-c3cn(CC4CCCNC4)nc3-c3ccncc3)ccc21	G2 active	Train	387.49	2	4	4	5	3	75.33								<rdkit.DataStructs.cDataStructs.ExplicitBitVect object at 0x000001B314A9F610>	G2	<rdkit.Chem.rdchem.Mol object at 0x000001B314A975A0>
CHEMBL254966	1	NC(=O)c1cccc(Nc2nccc(-c3[nH]c(C4CC4)nc3-c3cccc(NC(=O)Cc4ccc(Cl)cc4)c3)n2)c1	NC(=O)c1cccc(Nc2nccc(-c3[nH]c(C4CC4)nc3-c3cccc(NC(=O)Cc4ccc(Cl)cc4)c3)n2)c1	G2 active	Train	564.05	4	6	9	6	5	138.68								<rdkit.DataStructs.cDataStructs.ExplicitBitVect object at 0x000001B314A9EDC0>	G2	<rdkit.Chem.rdchem.Mol object at 0x000001B314A97610>
CHEMBL248256	1	CC(=O)Nc1cc(CNc2ccccc2C(=O)Nc2ccc3c(c2)OC(F)(F)O3)ccn1	CC(=O)Nc1cc(CNc2ccccc2C(=O)Nc2ccc3c(c2)OC(F)(F)O3)ccn1	G2 active	Train	440.41	3	6	6	4	3	101.58								<rdkit.DataStructs.cDataStructs.ExplicitBitVect object at 0x000001B314A9ED50>	G2	<rdkit.Chem.rdchem.Mol object at 0x000001B314A97680>
CHEMBL429498	1	O=C(Cc1ccc(Cl)cc1)Nc1cccc(-c2nc(C3CC3)[nH]c2-c2ccnc(NCCN3CCNC3=O)n2)c1	O=C(Cc1ccc(Cl)cc1)Nc1cccc(-c2nc(C3CC3)[nH]c2-c2ccnc(NCCN3CCNC3=O)n2)c1	G2 active	Train	557.06	4	6	10	6	4	127.93								<rdkit.DataStructs.cDataStructs.ExplicitBitVect object at 0x000001B314A9ECE0>	G2	<rdkit.Chem.rdchem.Mol object at 0x000001B314A976F0>
CHEMBL1087397	1	CN(C)Cc1ccc(-c2cnn3c(-c4cccc(NC(=O)c5cccc(C(F)(F)F)c5)c4)ccnc23)cc1	CN(C)Cc1ccc(-c2cnn3c(-c4cccc(NC(=O)c5cccc(C(F)(F)F)c5)c4)ccnc23)cc1	G2 active	Train	515.54	1	4	6	5	5	62.53								<rdkit.DataStructs.cDataStructs.ExplicitBitVect object at 0x000001B314A9EC70>	G2	<rdkit.Chem.rdchem.Mol object at 0x000001B314A97760>
CHEMBL258454	1	CNc1nccc(-c2[nH]c(C(F)(F)F)nc2-c2cccc(NC(=O)Cc3ccc(Cl)cc3)c2)n1	CNc1nccc(-c2[nH]c(C(F)(F)F)nc2-c2cccc(NC(=O)Cc3ccc(Cl)cc3)c2)n1	G2 active	Train	486.89	3	5	6	4	4	95.59								<rdkit.DataStructs.cDataStructs.ExplicitBitVect object at 0x000001B314A9EB90>	G2	<rdkit.Chem.rdchem.Mol object at 0x000001B314A977D0>
CHEMBL1089082	1	O=C(Nc1cccc(-c2ccnc3cc(-c4ccncc4)nn23)c1)c1cccc(C(F)(F)F)c1	O=C(Nc1cccc(-c2ccnc3cc(-c4ccncc4)nn23)c1)c1cccc(C(F)(F)F)c1	G2 active	Train	459.43	1	4	4	5	5	72.18								<rdkit.DataStructs.cDataStructs.ExplicitBitVect object at 0x000001B314A9E8F0>	G2	<rdkit.Chem.rdchem.Mol object at 0x000001B314A97840>
CHEMBL1091688	1	O=C(Nc1cccc(-c2ccnc3cc(-c4ccnc(NCCCN5CCCC5=O)c4)nn23)c1)c1cccc(C(F)(F)F)c1	O=C(Nc1cccc(-c2ccnc3cc(-c4ccnc(NCCCN5CCCC5=O)c4)nn23)c1)c1cccc(C(F)(F)F)c1	G2 active	Train	599.62	2	6	9	6	5	104.52								<rdkit.DataStructs.cDataStructs.ExplicitBitVect object at 0x000001B314A9E650>	G2	<rdkit.Chem.rdchem.Mol object at 0x000001B314A978B0>
CHEMBL471723	1	CN(C)c1ccc(NC(=O)c2cc(Oc3ccc(NC(=O)Nc4ccc(Cl)c(C(F)(F)F)c4)cc3)ccn2)cc1	CN(C)c1ccc(NC(=O)c2cc(Oc3ccc(NC(=O)Nc4ccc(Cl)c(C(F)(F)F)c4)cc3)ccn2)cc1	G2 active	Train	569.97	3	5	7	4	4	95.59								<rdkit.DataStructs.cDataStructs.ExplicitBitVect object at 0x000001B314A9E570>	G2	<rdkit.Chem.rdchem.Mol object at 0x000001B314A97920>
CHEMBL1081818	1	O=C(Nc1cccc(-c2ccnc3c(-c4coc(CN5CCCC5)c4)cnn23)c1)c1cccc(C(F)(F)F)c1	O=C(Nc1cccc(-c2ccnc3c(-c4coc(CN5CCCC5)c4)cnn23)c1)c1cccc(C(F)(F)F)c1	G2 active	Train	531.54	1	5	6	6	5	75.67								<rdkit.DataStructs.cDataStructs.ExplicitBitVect object at 0x000001B314A9E340>	G2	<rdkit.Chem.rdchem.Mol object at 0x000001B314A97990>
CHEMBL1080656	1	O=C(Nc1cccc(-c2ccnc3c(C#CCCCN4CCOCC4)cnn23)c1)c1cccc(C(F)(F)F)c1	O=C(Nc1cccc(-c2ccnc3c(C#CCCCN4CCOCC4)cnn23)c1)c1cccc(C(F)(F)F)c1	G2 active	Train	533.55	1	5	6	5	4	71.76								<rdkit.DataStructs.cDataStructs.ExplicitBitVect object at 0x000001B314A9E1F0>	G2	<rdkit.Chem.rdchem.Mol object at 0x000001B314A97A00>
C09414012	0	CC/C(=N\[C@@H]1CCCC[C@H]1[NH3+])C1C(=O)N(C2CCCCC2)C(=O)N=C1O	CC/C(=N\[C@@H]1CCCC[C@H]1[NH3+])C1C(=O)N(C2CCCCC2)C(=O)N=C1O	G2 inactive	Train	363.48	2	3	4	3	0	109.97								<rdkit.DataStructs.cDataStructs.ExplicitBitVect object at 0x0000029F5B68BC30>	G2	<rdkit.Chem.rdchem.Mol object at 0x000001B314A97A70>
C25966867	0	Cc1nc2c(C(N)=O)ncn2c(C)c1CCC(=O)N1CCc2sccc2[C@@H]1C	Cc1nc2c(C(N)=O)ncn2c(C)c1CCC(=O)N1CCc2sccc2[C@@H]1C	G2 inactive	Train	397.5	1	4	4	4	3	93.59								<rdkit.DataStructs.cDataStructs.ExplicitBitVect object at 0x0000029F5B68A5E0>	G2	<rdkit.Chem.rdchem.Mol object at 0x000001B314A97AE0>
C60341701	0	CNc1ccc(S(=O)(=O)NC)cc1NS(=O)(=O)c1ccc2c(c1)C[C@H](C)N2C(C)=O	CNc1ccc(S(=O)(=O)NC)cc1NS(=O)(=O)c1ccc2c(c1)C[C@H](C)N2C(C)=O	G2 inactive	Train	452.56	3	6	6	3	2	124.68								<rdkit.DataStructs.cDataStructs.ExplicitBitVect object at 0x0000029F5B689000>	G2	<rdkit.Chem.rdchem.Mol object at 0x000001B314A97B50>
C39850493	0	CCCNC(=O)[C@]12CC[C@](C)(/C(=N/O)C1)C2(C)C	CCCNC(=O)[C@]12CC[C@](C)(/C(=N/O)C1)C2(C)C	G2 inactive	Train	252.36	2	2	3	2	0	61.69								<rdkit.DataStructs.cDataStructs.ExplicitBitVect object at 0x0000029F5B689310>	G2	<rdkit.Chem.rdchem.Mol object at 0x000001B314A97BC0>
C62539864	0	CC(C)c1cc(N)cc2c1O[C@H](C(C)C)C(=O)N2C	CC(C)c1cc(N)cc2c1O[C@H](C(C)C)C(=O)N2C	G2 inactive	Train	262.35	1	3	2	2	1	55.56								<rdkit.DataStructs.cDataStructs.ExplicitBitVect object at 0x0000029F5B688C10>	G2	<rdkit.Chem.rdchem.Mol object at 0x000001B314A97C30>
C62779129	0	O=C1Cc2cc([C@@H](Cl)c3cn[nH]c3)c(Cl)cc2N1	O=C1Cc2cc([C@@H](Cl)c3cn[nH]c3)c(Cl)cc2N1	G2 inactive	Train	282.13	2	2	2	3	2	57.78								<rdkit.DataStructs.cDataStructs.ExplicitBitVect object at 0x0000029F5B688C80>	G2	<rdkit.Chem.rdchem.Mol object at 0x000001B314A97CA0>
C16954534	0	S=C(N/N=C1/C=Cc2ccccc2C1)N/N=C1/C=Cc2ccccc2C1	S=C(N/N=C1/C=Cc2ccccc2C1)N/N=C1/C=Cc2ccccc2C1	G2 inactive	Train	358.47	2	3	2	4	2	48.78								<rdkit.DataStructs.cDataStructs.ExplicitBitVect object at 0x0000029F5B688E40>	G2	<rdkit.Chem.rdchem.Mol object at 0x000001B314A97D10>
C08115326	0	O=C(/C=C/c1ccc(F)cc1)Nc1nnc(-c2ccccc2Br)[nH]1	O=C(/C=C/c1ccc(F)cc1)Nc1nnc(-c2ccccc2Br)[nH]1	G2 inactive	Train	387.21	2	3	4	3	3	70.67								<rdkit.DataStructs.cDataStructs.ExplicitBitVect object at 0x0000029F5C6CE960>	G2	<rdkit.Chem.rdchem.Mol object at 0x000001B314A97D80>
C23373080	0	c1ccc2c(c1)CC([NH+]1CCC[C@@H](NCc3ccc(-c4ccn[nH]4)s3)C1)C2	c1ccc2c(c1)CC([NH+]1CCC[C@@H](NCc3ccc(-c4ccn[nH]4)s3)C1)C2	G2 inactive	Train	379.55	3	2	5	5	3	45.15								<rdkit.DataStructs.cDataStructs.ExplicitBitVect object at 0x0000029F5C6CC430>	G2	<rdkit.Chem.rdchem.Mol object at 0x000001B314A97DF0>
C01372486	0	COc1ccccc1CN(C(=O)Cn1nnc2ccccc21)[C@@H](C(=O)NCc1ccccc1)c1ccccc1F	COc1ccccc1CN(C(=O)Cn1nnc2ccccc21)[C@@H](C(=O)NCc1ccccc1)c1ccccc1F	G2 inactive	Train	537.6	1	5	10	5	5	89.35								<rdkit.DataStructs.cDataStructs.ExplicitBitVect object at 0x0000029F5C6CC190>	G2	<rdkit.Chem.rdchem.Mol object at 0x000001B314A97E60>
C13027536	0	CCn1c(N)c(C(=O)COC(=O)C2CCN(c3ccc(C(F)(F)F)cc3[N+](=O)[O-])CC2)c(=O)[nH]c1=O	CCn1c(N)c(C(=O)COC(=O)C2CCN(c3ccc(C(F)(F)F)cc3[N+](=O)[O-])CC2)c(=O)[nH]c1=O	G2 inactive	Train	513.43	2	9	7	3	2	170.63								<rdkit.DataStructs.cDataStructs.ExplicitBitVect object at 0x0000029F5C6CF3E0>	G2	<rdkit.Chem.rdchem.Mol object at 0x000001B314A97ED0>
C03771004	0	C[NH+]1CCN(c2nc(F)c(F)c(Sc3cc(C(C)(C)C)c(O)c(C(C)(C)C)c3)c2F)CC1	C[NH+]1CCN(c2nc(F)c(F)c(Sc3cc(C(C)(C)C)c(O)c(C(C)(C)C)c3)c2F)CC1	G2 inactive	Train	468.61	2	4	3	3	2	40.8								<rdkit.DataStructs.cDataStructs.ExplicitBitVect object at 0x0000029F5C6CC890>	G2	<rdkit.Chem.rdchem.Mol object at 0x000001B314A97F40>
C04299577	0	O[C@H]1CCCC[C@@H]1[NH2+]C1CCN(c2ncnc3scc(-c4ccccc4)c23)CC1	O[C@H]1CCCC[C@@H]1[NH2+]C1CCN(c2ncnc3scc(-c4ccccc4)c23)CC1	G2 inactive	Train	409.58	2	4	4	5	3	65.86								<rdkit.DataStructs.cDataStructs.ExplicitBitVect object at 0x0000029F5C6CEC00>	G2	<rdkit.Chem.rdchem.Mol object at 0x000001B314A98040>
C39947783	0	CC1=C(C)[C@H](C(=O)OC(C)(C)C)N=C1Cc1[nH]c(C[C@@H]2[NH+]=C(C(=O)OC(C)(C)C)C(C)=C2C)c(C)c1C	CC1=C(C)[C@H](Cc2[nH]c(CC3=N[C@@H](C(=O)OC(C)(C)C)C(C)=C3C)c(C)c2C)[NH+]=C1C(=O)OC(C)(C)C	G2 inactive	Train	510.7	2	4	6	3	1	94.72								<rdkit.DataStructs.cDataStructs.ExplicitBitVect object at 0x0000029F5C6CDA10>	G2	<rdkit.Chem.rdchem.Mol object at 0x000001B314A980B0>
C38974932	0	CC[C@@H](C)c1ccc(N[C@@H]2[NH+]=c3ccccc3=N/C2=N\S(=O)(=O)c2cccc3nsnc23)cc1	CC[C@@H](C)c1ccc(N[C@@H]2[NH+]=c3ccccc3=N/C2=N\S(=O)(=O)c2cccc3nsnc23)cc1	G2 inactive	Train	491.62	2	5	6	5	4	110.64								<rdkit.DataStructs.cDataStructs.ExplicitBitVect object at 0x0000029F5C6CF450>	G2	<rdkit.Chem.rdchem.Mol object at 0x000001B314A98120>
C44978367	0	Cc1cc(C2=Nn3c(nnc3C3CCCCC3)SC2)c(C)[nH]1	Cc1cc(C2=Nn3c(nnc3C3CCCCC3)SC2)c(C)[nH]1	G2 inactive	Train	315.45	1	3	2	4	2	58.86								<rdkit.DataStructs.cDataStructs.ExplicitBitVect object at 0x0000029F5C6CC270>	G2	<rdkit.Chem.rdchem.Mol object at 0x000001B314A98190>
C48376272	0	CC(C)([NH3+])c1cn(C2CCN(C(=O)C3CCC(C(C)(C)C)CC3)CC2)nn1	CC(C)([NH3+])c1cn(C2CCN(C(=O)C3CCC(C(C)(C)C)CC3)CC2)nn1	G2 inactive	Train	376.57	1	3	3	3	1	78.66								<rdkit.DataStructs.cDataStructs.ExplicitBitVect object at 0x0000029F5C6CE9D0>	G2	<rdkit.Chem.rdchem.Mol object at 0x000001B314A98200>
C44779622	0	C[C@H](C[NH+]1CCCC1)NC(=O)C1(C(N)=S)CCCCCC1	C[C@H](C[NH+]1CCCC1)NC(=O)C1(C(N)=S)CCCCCC1	G2 inactive	Train	312.5	3	3	5	2	0	59.56								<rdkit.DataStructs.cDataStructs.ExplicitBitVect object at 0x0000029F5C6CDCB0>	G2	<rdkit.Chem.rdchem.Mol object at 0x000001B314A98270>
C43766935	0	CC(C)(C)/C=C/[C@@H](O)C(C)(C)[C@]12CC(=O)[C@@]3(C)[C@H]4C[C@H](O)C(=O)C(C)(C)C4=CC[C@@H]3[C@@]1(C)C[C@@H](O)C2	CC(C)(C)/C=C/[C@@H](O)C(C)(C)[C@]12CC(=O)[C@@]3(C)[C@H]4C[C@H](O)C(=O)C(C)(C)C4=CC[C@@H]3[C@@]1(C)C[C@@H](O)C2	G2 inactive	Train	500.72	3	5	3	4	0	94.83								<rdkit.DataStructs.cDataStructs.ExplicitBitVect object at 0x0000029F5C6CC3C0>	G2	<rdkit.Chem.rdchem.Mol object at 0x000001B314A982E0>
C39664757	0	Cn1cccc1C(=O)N1C[C@H](C(=O)N[C@H](C[NH+](C)C)c2ccccc2)C2(CC[NH2+]CC2)C1	Cn1cccc1C(=O)N1C[C@H](C(=O)N[C@H](C[NH+](C)C)c2ccccc2)C2(CC[NH2+]CC2)C1	G2 inactive	Train	439.6	3	2	6	4	2	75.39								<rdkit.DataStructs.cDataStructs.ExplicitBitVect object at 0x0000029F5C6CD230>	G2	<rdkit.Chem.rdchem.Mol object at 0x000001B314A98350>
C10202573	0	O=C1NCCCC[C@H]1Sc1nnc2c(Cl)cc(Cl)cn12	O=C1NCCCC[C@H]1Sc1nnc2c(Cl)cc(Cl)cn12	G2 inactive	Train	331.23	1	4	2	3	2	59.29								<rdkit.DataStructs.cDataStructs.ExplicitBitVect object at 0x0000029F5C6CD700>	G2	<rdkit.Chem.rdchem.Mol object at 0x000001B314A983C0>
C22013645	0	c1cc([C@H]2C[NH2+]CCO2)c2nc(SSc3nc4c([C@H]5C[NH2+]CCO5)cccc4s3)sc2c1	c1cc([C@H]2C[NH2+]CCO2)c2nc(SSc3nc4c([C@H]5C[NH2+]CCO5)cccc4s3)sc2c1	G2 inactive	Train	504.73	2	6	5	6	4	77.46								<rdkit.DataStructs.cDataStructs.ExplicitBitVect object at 0x0000029F5C6CDD20>	G2	<rdkit.Chem.rdchem.Mol object at 0x000001B314A98430>
C39936949	0	C=CC[NH+]1C[C@H](C(=O)N(CCC[NH+](C)C)C(=O)NCC)C[C@@H]2C3=CC=CC4=NC=C(C[C@H]21)[C@H]34	C=CC[NH+]1C[C@H](C(=O)N(CCC[NH+](C)C)C(=O)NCC)C[C@@H]2C3=CC=CC4=NC=C(C[C@H]21)[C@H]34	G2 inactive	Train	453.63	3	2	8	4	0	70.65								<rdkit.DataStructs.cDataStructs.ExplicitBitVect object at 0x0000029F5C6CE650>	G2	<rdkit.Chem.rdchem.Mol object at 0x000001B314A984A0>
C66886096	0	O=C(C[NH+]1CCC(NC(=O)CC2CCCCC2)CC1)NC[C@H]1CCOC1	O=C(C[NH+]1CCC(NC(=O)CC2CCCCC2)CC1)NC[C@H]1CCOC1	G2 inactive	Train	366.53	3	3	7	3	0	71.87								<rdkit.DataStructs.cDataStructs.ExplicitBitVect object at 0x0000029F5C6CDF50>	G2	<rdkit.Chem.rdchem.Mol object at 0x000001B314A98510>
C08996756	0	O=c1oc2c(C[NH2+]CCCn3ccnc3)c(O)c(Cl)cc2c2c1CCC2	O=c1oc2c(C[NH2+]CCCn3ccnc3)c(O)c(Cl)cc2c2c1CCC2	G2 inactive	Train	374.85	2	4	6	4	3	84.87								<rdkit.DataStructs.cDataStructs.ExplicitBitVect object at 0x0000029F5C6CC5F0>	G2	<rdkit.Chem.rdchem.Mol object at 0x000001B314A98580>
C15202387	0	CC(C)(C)C1=NN2C(=N[C@@](O)(C(F)(F)F)C[C@H]2S(C)(=O)=O)S1	CC(C)(C)C1=NN2C(=N[C@@](O)(C(F)(F)F)C[C@H]2S(C)(=O)=O)S1	G2 inactive	Train	359.4	1	5	1	2	0	82.33								<rdkit.DataStructs.cDataStructs.ExplicitBitVect object at 0x0000029F5C6CECE0>	G2	<rdkit.Chem.rdchem.Mol object at 0x000001B314A985F0>
C14753467	0	Cn1nc(C(=O)N2CCCCC2)c2c1CC[C@@H]([NH2+]CC1(O)CCCCC1)C2	Cn1nc(C(=O)N2CCCCC2)c2c1CC[C@@H]([NH2+]CC1(O)CCCCC1)C2	G2 inactive	Train	375.54	2	3	4	4	1	74.97								<rdkit.DataStructs.cDataStructs.ExplicitBitVect object at 0x0000029F5C6CE1F0>	G2	<rdkit.Chem.rdchem.Mol object at 0x000001B314A98660>
C49597445	0	Cc1[nH+]c(CN(C)C(=O)[C@@H]2Cc3c[nH]c4cccc(c34)[C@H](CC(C)C)N2)c(C)o1	Cc1[nH+]c(CN(C)C(=O)[C@@H]2Cc3c[nH]c4cccc(c34)[C@H](CC(C)C)N2)c(C)o1	G2 inactive	Train	395.53	2	3	5	4	3	75.41								<rdkit.DataStructs.cDataStructs.ExplicitBitVect object at 0x0000029F5C6CDEE0>	G2	<rdkit.Chem.rdchem.Mol object at 0x000001B314A986D0>
C39217716	0	C=CCN1C(=O)[C@]2(C(C#N)=C(N)[N-]C3=NC(SCc4ccccc4F)=NC(=O)[C@@H]32)c2ccccc21	C=CCN1C(=O)[C@]2(C(C#N)=C(N)[N-]C3=NC(SCc4ccccc4F)=NC(=O)[C@@H]32)c2ccccc21	G2 inactive	Train	485.52	1	5	4	5	2	126.01								<rdkit.DataStructs.cDataStructs.ExplicitBitVect object at 0x0000029F5C6CDE70>	G2	<rdkit.Chem.rdchem.Mol object at 0x000001B314A98740>
C12657694	0	CCOC(=O)[C@@]1(C(N)=O)O[C@@]12CC[C@@H]1[C@H]3CC[C@@H]4C[C@@H](OC(C)=O)CC[C@]4(C)[C@@H]3CC[C@@]12C	CCOC(=O)[C@@]1(C(N)=O)O[C@@]12CC[C@@H]1[C@H]3CC[C@@H]4C[C@@H](OC(C)=O)CC[C@]4(C)[C@@H]3CC[C@@]12C	G2 inactive	Train	461.6	1	6	4	5	0	108.22								<rdkit.DataStructs.cDataStructs.ExplicitBitVect object at 0x0000029F5C6CD8C0>	G2	<rdkit.Chem.rdchem.Mol object at 0x000001B314A987B0>
C29133893	0	Cc1ccc([O-])c(Cn2c(NC3CC[NH+](C)CC3)[nH+]c3ccc(CN(C)c4ccccc4)cc32)[nH+]1	Cc1ccc([O-])c(Cn2c(NC3CC[NH+](C)CC3)[nH+]c3ccc(CN(C)c4ccccc4)cc32)[nH+]1	G2 inactive	Train	472.64	2	3	7	5	4	75.98								<rdkit.DataStructs.cDataStructs.ExplicitBitVect object at 0x0000029F5C6CD7E0>	G2	<rdkit.Chem.rdchem.Mol object at 0x000001B314A98820>
C31167951	0	C=CC(C)(C)c1c(O)cc(O)c2c(=O)c(O)c(-c3cc(O)c4c(c3CC=C(C)C)C[C@H](O)C(C)(C)O4)oc12	C=CC(C)(C)c1c(O)cc(O)c2c(=O)c(O)c(-c3cc(O)c4c(c3CC=C(C)C)C[C@H](O)C(C)(C)O4)oc12	G2 inactive	Train	522.59	5	8	5	4	3	140.59								<rdkit.DataStructs.cDataStructs.ExplicitBitVect object at 0x0000029F5C6CD930>	G2	<rdkit.Chem.rdchem.Mol object at 0x000001B314A98890>
C36551039	0	CN(C)c1ccc([C@@H]2Nc3ccc(S(=O)(=O)N4CCc5ccccc54)cc3[C@H]3C=CC[C@@H]32)cc1	CN(C)c1ccc([C@@H]2Nc3ccc(S(=O)(=O)N4CCc5ccccc54)cc3[C@H]3C=CC[C@@H]32)cc1	G2 inactive	Train	471.63	1	4	4	6	3	52.65								<rdkit.DataStructs.cDataStructs.ExplicitBitVect object at 0x0000029F5C6CCDD0>	G2	<rdkit.Chem.rdchem.Mol object at 0x000001B314A98900>
C08386180	0	CCOC(=O)C1(c2ccccc2)CC[NH+](CC[C@@]2(C#N)Cc3ccccc3Sc3ccccc32)CC1	CCOC(=O)C1(c2ccccc2)CC[NH+](CC[C@@]2(C#N)Cc3ccccc3Sc3ccccc32)CC1	G2 inactive	Train	497.68	1	4	6	5	3	54.53								<rdkit.DataStructs.cDataStructs.ExplicitBitVect object at 0x0000029F5C6CC350>	G2	<rdkit.Chem.rdchem.Mol object at 0x000001B314A98970>
C19891748	0	O[C@@H](CN1CC[NH+]([C@H](c2ccccc2)c2ccc(Cl)cc2)CC1)Cn1c2ccccc2c2ccccc21	O[C@@H](CN1CC[NH+]([C@H](c2ccccc2)c2ccc(Cl)cc2)CC1)Cn1c2ccccc2c2ccccc21	G2 inactive	Train	511.09	2	2	7	6	5	32.84								<rdkit.DataStructs.cDataStructs.ExplicitBitVect object at 0x0000029F5C6CCBA0>	G2	<rdkit.Chem.rdchem.Mol object at 0x000001B314A989E0>
C33153886	0	[H]/N=C1C(=C\c2ccc(-c3ccc(OC)c(Cl)c3)o2)\C(=O)N=C2SC=C(c3ccccc3)N2\1	[H]/N=C1C(=C\c2ccc(-c3ccc(OC)c(Cl)c3)o2)\C(=O)N=C2SC=C(c3ccccc3)N2\1	G2 inactive	Train	461.93	1	5	4	5	3	78.89								<rdkit.DataStructs.cDataStructs.ExplicitBitVect object at 0x0000029F5C6CFD10>	G2	<rdkit.Chem.rdchem.Mol object at 0x000001B314A98A50>
C11867321	0	CCc1cc2c(=O)c(-c3nc(C)cs3)coc2c([C@H](c2ccc(C(C)C)cc2)[NH+]2CCCCC2)c1O	CCc1cc2c(=O)c(-c3nc(C)cs3)coc2c([C@H](c2ccc(C(C)C)cc2)[NH+]2CCCCC2)c1O	G2 inactive	Train	503.69	2	4	6	5	4	67.77								<rdkit.DataStructs.cDataStructs.ExplicitBitVect object at 0x0000029F5C6CFF40>	G2	<rdkit.Chem.rdchem.Mol object at 0x000001B314A98AC0>
C31983175	0	C=C[C@]1(C)C[C@@H](OC(=O)CSCC[NH+](CC)CC)[C@]2(C)[C@H](C)CC[C@@]3(CCC(=O)[C@@H]32)[C@@H](C)[C@@H]1O	C=C[C@]1(C)C[C@@H](OC(=O)CSCC[NH+](CC)CC)[C@@]2(C)[C@H]3C(=O)CC[C@]3(CC[C@H]2C)[C@@H](C)[C@@H]1O	G2 inactive	Train	494.76	2	5	9	3	0	68.04								<rdkit.DataStructs.cDataStructs.ExplicitBitVect object at 0x0000029F5C6CDE00>	G2	<rdkit.Chem.rdchem.Mol object at 0x000001B314A98B30>
C36167677	0	COCCC[NH+](Cc1ccc(OC)cc1)Cc1ccc(C(O)(c2cccc(F)c2)c2cccc(F)c2)o1	COCCC[NH+](Cc1ccc(OC)cc1)Cc1ccc(C(O)(c2cccc(F)c2)c2cccc(F)c2)o1	G2 inactive	Train	508.59	2	4	12	4	4	56.27								<rdkit.DataStructs.cDataStructs.ExplicitBitVect object at 0x0000029F5C6CE490>	G2	<rdkit.Chem.rdchem.Mol object at 0x000001B314A98BA0>
C24873155	0	CS(=O)(=O)c1cccc(S(=O)(=O)N(CC2CC2)C2CC[NH+](Cc3ccccc3OC(F)F)CC2)c1	CS(=O)(=O)c1cccc(S(=O)(=O)N(CC2CC2)C2CC[NH+](Cc3ccccc3OC(F)F)CC2)c1	G2 inactive	Train	529.65	1	5	10	4	2	85.19								<rdkit.DataStructs.cDataStructs.ExplicitBitVect object at 0x0000029F5C6CEE30>	G2	<rdkit.Chem.rdchem.Mol object at 0x000001B314A98C10>
C06410063	0	Cc1ccc2cc([C@H](c3nnnn3C[C@H]3CCCO3)[NH+](Cc3ccc(F)cc3)Cc3ccco3)c(=O)[nH]c2c1	Cc1ccc2cc([C@H](c3nnnn3C[C@H]3CCCO3)[NH+](Cc3ccc(F)cc3)Cc3ccco3)c(=O)[nH]c2c1	G2 inactive	Train	529.6	2	6	9	6	5	103.27								<rdkit.DataStructs.cDataStructs.ExplicitBitVect object at 0x0000029F5C6CF370>	G2	<rdkit.Chem.rdchem.Mol object at 0x000001B314A98C80>
C20837396	0	C/C(=N\Nc1nc(SCC(=O)NC2CC(C)(C)[NH2+]C(C)(C)C2)n[nH]1)C12CC3CC(CC(C3)C1)C2	C/C(=N\Nc1nc(SCC(=O)NC2CC(C)(C)[NH2+]C(C)(C)C2)n[nH]1)C12CC3CC(CC(C3)C1)C2	G2 inactive	Train	488.73	4	5	7	6	1	111.67								<rdkit.DataStructs.cDataStructs.ExplicitBitVect object at 0x0000029F5C6CF530>	G2	<rdkit.Chem.rdchem.Mol object at 0x000001B314A98CF0>
C63974374	0	COc1cc([C@@H]2C(C#N)=C(N)O[C@@H]3N=NC(C)=C23)ccc1OCc1c(Cl)cccc1Cl	COc1cc([C@@H]2C(C#N)=C(N)O[C@@H]3N=NC(C)=C32)ccc1OCc1c(Cl)cccc1Cl	G2 inactive	Train	457.32	1	5	5	4	2	102.22								<rdkit.DataStructs.cDataStructs.ExplicitBitVect object at 0x0000029F5C6CFDF0>	G2	<rdkit.Chem.rdchem.Mol object at 0x000001B314A98D60>
C01786665	0	O=C(CCN1C(=O)/C(=C/c2ccc3c(c2)OCO3)SC1=S)NNC(=O)c1ccc(Br)cc1	O=C(CCN1C(=O)/C(=C/c2ccc3c(c2)OCO3)SC1=S)NNC(=O)c1ccc(Br)cc1	G2 inactive	Train	534.41	2	7	5	4	2	96.97								<rdkit.DataStructs.cDataStructs.ExplicitBitVect object at 0x0000029F5C6CFA00>	G2	<rdkit.Chem.rdchem.Mol object at 0x000001B314A98DD0>
C12801156	0	CC(C)[C@@H](Sc1nc2sc3c(c2c(=O)n1Cc1ccccc1)CCCC3)C(=O)NC(N)=O	CC(C)[C@@H](Sc1nc2sc3c(c2c(=O)n1Cc1ccccc1)CCCC3)C(=O)NC(N)=O	G2 inactive	Train	470.62	2	5	6	4	3	107.08								<rdkit.DataStructs.cDataStructs.ExplicitBitVect object at 0x0000029F5C6CF7D0>	G2	<rdkit.Chem.rdchem.Mol object at 0x000001B314A98E40>
C25072788	0	C[NH2+][C@H]1CCc2cc(OC)c(OC)c(OC)c2-c2cc/c(=[NH+]\[C@H](C)c3ccccc3)c([O-])cc21	C[NH2+][C@H]1CCc2cc(OC)c(OC)c(OC)c2-c2cc/c(=[NH+]\[C@H](C)c3ccccc3)c([O-])cc21	G2 inactive	Train	461.58	2	4	6	4	3	81.33								<rdkit.DataStructs.cDataStructs.ExplicitBitVect object at 0x0000029F5C6CEF10>	G2	<rdkit.Chem.rdchem.Mol object at 0x000001B314A98EB0>
C38911756	0	Cc1ccc(-c2noc([C@H]3CC(=O)N(c4ccccc4C)C3)n2)c(C)c1	Cc1ccc(-c2noc([C@H]3CC(=O)N(c4ccccc4C)C3)n2)c(C)c1	G2 inactive	Train	347.42	0	4	3	4	3	59.23								<rdkit.DataStructs.cDataStructs.ExplicitBitVect object at 0x0000029F5C6CD850>	G2	<rdkit.Chem.rdchem.Mol object at 0x000001B314A98F20>
C04060043	0	CSc1nnc(C)c(C/C=N/c2cc(Cl)cc(Cl)c2)n1	CSc1nnc(C)c(C/C=N/c2cc(Cl)cc(Cl)c2)n1	G2 inactive	Train	327.24	0	4	4	2	2	51.03								<rdkit.DataStructs.cDataStructs.ExplicitBitVect object at 0x0000029F5C6CDA80>	G2	<rdkit.Chem.rdchem.Mol object at 0x000001B314A98F90>
C63577473	0	Cc1cc(C(C)(C)C)cc(C)c1CSC1=NC=NC2=NC=N[C@@H]21	Cc1cc(C(C)(C)C)cc(C)c1CSC1=NC=NC2=NC=N[C@@H]21	G2 inactive	Train	326.47	0	1	2	3	1	49.44								<rdkit.DataStructs.cDataStructs.ExplicitBitVect object at 0x0000029F5C6CEB20>	G2	<rdkit.Chem.rdchem.Mol object at 0x000001B314A99000>
C15135370	0	Nc1cc(/N=c2\oc3ccc4ccccc4c3cc2-c2nc3ccccc3s2)ccc1Cl	Nc1cc(/N=c2\oc3ccc4ccccc4c3cc2-c2nc3ccccc3s2)ccc1Cl	G2 inactive	Train	453.95	1	3	2	6	6	64.41								<rdkit.DataStructs.cDataStructs.ExplicitBitVect object at 0x0000029F5C6CC820>	G2	<rdkit.Chem.rdchem.Mol object at 0x000001B314A99070>
C09344999	0	CSC1=NC2=[NH+]C3=C([C@H](c4ccc(Cl)cc4)Oc4ccc(C)cc43)[C@@H](c3ccc(C)cc3)N2N1	CSC1=NC2=[NH+]C3=C([C@H](c4ccc(Cl)cc4)Oc4ccc(C)cc43)[C@@H](c3ccc(C)cc3)N2N1	G2 inactive	Train	488.04	2	4	2	6	3	50.83								<rdkit.DataStructs.cDataStructs.ExplicitBitVect object at 0x0000029F5C6CCEB0>	G2	<rdkit.Chem.rdchem.Mol object at 0x000001B314A990E0>
C00720505	0	O=C1C[C@@H](c2cccs2)CC2=C1[C@@H](c1ccc(Cl)s1)Nc1ccccc1N2	O=C1C[C@@H](c2cccs2)CC2=C1[C@@H](c1ccc(Cl)s1)Nc1ccccc1N2	G2 inactive	Train	412.97	2	3	2	5	3	41.13								<rdkit.DataStructs.cDataStructs.ExplicitBitVect object at 0x0000029F5C6CD5B0>	G2	<rdkit.Chem.rdchem.Mol object at 0x000001B314A99150>
C20477382	0	Cc1ccc(O)c2c1[C@@H](C)C[C@@H]2Nc1ccc(I)cc1	Cc1ccc(O)c2c1[C@@H](C)C[C@@H]2Nc1ccc(I)cc1	G2 inactive	Train	379.24	2	2	2	3	2	32.26								<rdkit.DataStructs.cDataStructs.ExplicitBitVect object at 0x0000029F5C6CE5E0>	G2	<rdkit.Chem.rdchem.Mol object at 0x000001B314A991C0>
C34734337	0	Cc1sc2nc(NCc3ccco3)nc(Nc3ccc(Br)cc3)c2c1C	Cc1sc2nc(NCc3ccco3)nc(Nc3ccc(Br)cc3)c2c1C	G2 inactive	Train	429.34	2	5	5	4	4	62.98								<rdkit.DataStructs.cDataStructs.ExplicitBitVect object at 0x0000029F5C6CE6C0>	G2	<rdkit.Chem.rdchem.Mol object at 0x000001B314A99230>
C09969313	0	O=S(=O)(c1ccccc1)c1c[nH+]c2cc3c(cc2c1N1CCN(c2ccc(F)cc2)CC1)OCCO3	O=S(=O)(c1ccccc1)c1c[nH+]c2cc3c(cc2c1N1CCN(c2ccc(F)cc2)CC1)OCCO3	G2 inactive	Train	506.58	0	6	4	6	4	73.22								<rdkit.DataStructs.cDataStructs.ExplicitBitVect object at 0x0000029F5C6CF290>	G2	<rdkit.Chem.rdchem.Mol object at 0x000001B314A992A0>
C11663982	0	CN(Cc1n[nH]c2c1CCCCC2)C(=O)C[C@H]1C(=O)NCC[NH+]1CC(C)(C)C	CN(Cc1n[nH]c2c1CCCCC2)C(=O)C[C@H]1C(=O)NCC[NH+]1CC(C)(C)C	G2 inactive	Train	390.55	3	3	5	3	1	82.53								<rdkit.DataStructs.cDataStructs.ExplicitBitVect object at 0x0000029F5C6CF920>	G2	<rdkit.Chem.rdchem.Mol object at 0x000001B314A99310>
C41070039	0	CC[C@H]1CCCCN1S(=O)(=O)c1cc(Br)cnc1NN	CC[C@H]1CCCCN1S(=O)(=O)c1cc(Br)cnc1NN	G2 inactive	Train	363.28	2	5	4	2	1	88.32								<rdkit.DataStructs.cDataStructs.ExplicitBitVect object at 0x0000029F5C6CFED0>	G2	<rdkit.Chem.rdchem.Mol object at 0x000001B314A99380>
C46804167	0	Cc1ccccc1N[C@@H](C)C(=O)Nc1ccc([N+](=O)[O-])cc1Cl	Cc1ccccc1N[C@@H](C)C(=O)Nc1ccc([N+](=O)[O-])cc1Cl	G2 inactive	Train	333.78	2	4	5	2	2	84.27								<rdkit.DataStructs.cDataStructs.ExplicitBitVect object at 0x0000029F5C6CF6F0>	G2	<rdkit.Chem.rdchem.Mol object at 0x000001B314A993F0>
C03552102	0	CCc1ccccc1Nc1nc(N)nc(CSc2nnc(SC)s2)n1	CCc1ccccc1Nc1nc(N)nc(CSc2nnc(SC)s2)n1	G2 inactive	Train	391.55	2	9	7	3	3	102.5								<rdkit.DataStructs.cDataStructs.ExplicitBitVect object at 0x0000029F5C6CEEA0>	G2	<rdkit.Chem.rdchem.Mol object at 0x000001B314A99460>
C01694290	0	CN(/N=C/c1ccccc1O)C(c1ccccc1O)N(C)/N=C/c1ccccc1O	CN(/N=C/c1ccccc1O)C(c1ccccc1O)N(C)/N=C/c1ccccc1O	G2 inactive	Train	404.47	3	5	7	3	3	91.89								<rdkit.DataStructs.cDataStructs.ExplicitBitVect object at 0x0000029F5C6CEB90>	G2	<rdkit.Chem.rdchem.Mol object at 0x000001B314A994D0>
C13583927	0	O=C(N/N=C\c1cc(Cl)cc(Cl)c1O)[C@H]1COc2ccccc2O1	O=C(N/N=C\c1cc(Cl)cc(Cl)c1O)[C@H]1COc2ccccc2O1	G2 inactive	Train	367.19	2	4	3	3	2	80.15								<rdkit.DataStructs.cDataStructs.ExplicitBitVect object at 0x0000029F5C6CE570>	G2	<rdkit.Chem.rdchem.Mol object at 0x000001B314A99540>
C37376680	0	CC(C)c1ccc(-c2nc(N3CCSCC3)nc3nn(C)c(N)c23)cc1	CC(C)c1ccc(-c2nc(N3CCSCC3)nc3nn(C)c(N)c23)cc1	G2 inactive	Train	368.51	1	6	3	4	3	72.86								<rdkit.DataStructs.cDataStructs.ExplicitBitVect object at 0x0000029F5C6CE260>	G2	<rdkit.Chem.rdchem.Mol object at 0x000001B314A995B0>
C40780694	0	Nc1c(Nc2ccc(OC(F)(F)F)cc2)ncnc1N1CCc2ccccc2C1	Nc1c(Nc2ccc(OC(F)(F)F)cc2)ncnc1N1CCc2ccccc2C1	G2 inactive	Train	401.39	2	6	4	4	3	76.3								<rdkit.DataStructs.cDataStructs.ExplicitBitVect object at 0x0000029F5C6CE0A0>	G2	<rdkit.Chem.rdchem.Mol object at 0x000001B314A99620>
C12512037	0	Cc1cc(Cl)ccc1OCC(=O)NN1C(=O)NC2(CCC(C)CC2)C1=O	Cc1cc(Cl)ccc1OCC(=O)NN1C(=O)NC2(CCC(C)CC2)C1=O	G2 inactive	Train	379.84	2	4	4	3	1	87.74								<rdkit.DataStructs.cDataStructs.ExplicitBitVect object at 0x0000029F5C6CDD90>	G2	<rdkit.Chem.rdchem.Mol object at 0x000001B314A99690>
C47283216	0	COc1ccc(C(=O)N2CC=C(c3c[nH]c4ccc(OC)cc34)CC2)c(O)c1	COc1ccc(C(=O)N2CC=C(c3c[nH]c4ccc(OC)cc34)CC2)c(O)c1	G2 inactive	Train	378.43	2	4	4	4	3	74.79								<rdkit.DataStructs.cDataStructs.ExplicitBitVect object at 0x0000029F5C6CDAF0>	G2	<rdkit.Chem.rdchem.Mol object at 0x000001B314A99700>
C44607965	0	C/C1=C\C(=O)O[C@H]2C[C@H](CC[C@H](C)/C=C\C=C/CC1)O[C@](O)([C@H]1CSC(=O)N1)C2	C/C1=C\C(=O)O[C@H]2C[C@H](CC[C@H](C)/C=C\C=C/CC1)O[C@](O)([C@H]1CSC(=O)N1)C2	G2 inactive	Train	421.56	2	6	1	3	0	84.86								<rdkit.DataStructs.cDataStructs.ExplicitBitVect object at 0x0000029F5C6CDB60>	G2	<rdkit.Chem.rdchem.Mol object at 0x000001B314A99770>
C13394824	0	O=C1C[C@@H](c2ccc(Cl)cc2)[C@@H](n2cncn2)C([O-])=C1[C@@H]1[NH2+]CCc2ccccc21	O=C1C[C@@H](c2ccc(Cl)cc2)[C@@H](n2cncn2)C([O-])=C1[C@@H]1[NH2+]CCc2ccccc21	G2 inactive	Train	420.9	1	4	3	5	3	87.45								<rdkit.DataStructs.cDataStructs.ExplicitBitVect object at 0x0000029F5C6CD9A0>	G2	<rdkit.Chem.rdchem.Mol object at 0x000001B314A997E0>
C08767669	0	CC1(C)[C@@H]([N+](=O)[O-])[C@@H](c2ccc(Br)cc2)[NH2+][C@@H](c2ccc(Br)cc2)[C@@H]1[N+](=O)[O-]	CC1(C)[C@@H]([N+](=O)[O-])[C@H](c2ccc(Br)cc2)[NH2+][C@H](c2ccc(Br)cc2)[C@@H]1[N+](=O)[O-]	G2 inactive	Train	514.19	1	4	4	3	2	102.89								<rdkit.DataStructs.cDataStructs.ExplicitBitVect object at 0x0000029F5C6CF1B0>	G2	<rdkit.Chem.rdchem.Mol object at 0x000001B314A99850>
C15319053	0	O=C(C1=CNN2C1=[NH+][C@H](c1ccc(F)cc1)C[C@@H]2C(F)(F)F)N1CCN(C23CC4CC(CC(C4)C2)C3)CC1	O=C(C1=CNN2C1=[NH+][C@H](c1ccc(F)cc1)C[C@@H]2C(F)(F)F)N1CCN(C23CC4CC(CC(C4)C2)C3)CC1	G2 inactive	Train	532.61	2	4	3	8	1	52.79								<rdkit.DataStructs.cDataStructs.ExplicitBitVect object at 0x0000029F5C6CEAB0>	G2	<rdkit.Chem.rdchem.Mol object at 0x000001B314A998C0>
C38979788	0	Clc1ccccc1[C@@H]1Nn2c(nnc2[C@@H]2N=NC3=C2CCC3)S1	Clc1ccccc1[C@@H]1Nn2c(nnc2[C@@H]2N=NC3=C2CCC3)S1	G2 inactive	Train	344.83	1	4	2	5	2	67.46								<rdkit.DataStructs.cDataStructs.ExplicitBitVect object at 0x0000029F5C6CE7A0>	G2	<rdkit.Chem.rdchem.Mol object at 0x000001B314A99930>
C15828631	0	O=c1c2sccc2n2c(=S)[nH]nc2n1Cc1cccs1	O=c1c2sccc2n2c(=S)[nH]nc2n1Cc1cccs1	G2 inactive	Train	320.42	1	3	2	4	4	55.09								<rdkit.DataStructs.cDataStructs.ExplicitBitVect object at 0x0000029F5C6CE420>	G2	<rdkit.Chem.rdchem.Mol object at 0x000001B314A999A0>
C04629522	0	O=C1C=C(N[C@@H]2CCS(=O)(=O)C2)C2(CCCCC2)O1	O=C1C=C(N[C@@H]2CCS(=O)(=O)C2)C2(CCCCC2)O1	G2 inactive	Train	285.37	1	5	2	3	0	72.47								<rdkit.DataStructs.cDataStructs.ExplicitBitVect object at 0x0000029F5C6CD3F0>	G2	<rdkit.Chem.rdchem.Mol object at 0x000001B314A99A10>
C65216963	0	CC1=NN2[C@H](CNC(=O)C3=CC=C[C@H]4N=CC=C34)[C@H](C)N[C@H]2S1	CC1=NN2[C@@H](N[C@@H](C)[C@H]2CNC(=O)C2=CC=C[C@H]3N=CC=C23)S1	G2 inactive	Train	329.43	2	4	3	4	0	69.09								<rdkit.DataStructs.cDataStructs.ExplicitBitVect object at 0x0000029F5C6CD4D0>	G2	<rdkit.Chem.rdchem.Mol object at 0x000001B314A99A80>
C31591243	0	CC(=O)NNC(=O)c1sc2nc(C3CC3)nc(C)c2c1C	CC(=O)NNC(=O)c1sc2nc(C3CC3)nc(C)c2c1C	G2 inactive	Train	304.38	2	4	2	3	2	83.98								<rdkit.DataStructs.cDataStructs.ExplicitBitVect object at 0x0000029F5C6CE340>	G2	<rdkit.Chem.rdchem.Mol object at 0x000001B314A99AF0>
C64044611	0	O=C1NC(=S)N=C([O-])/C1=C\[C@@H]1C=c2ccccc2=[NH+]C1=O	O=C1NC(=S)N=C([O-])/C1=C\[C@@H]1C=c2ccccc2=[NH+]C1=O	G2 inactive	Train	299.31	2	4	1	3	1	95.56								<rdkit.DataStructs.cDataStructs.ExplicitBitVect object at 0x0000029F5C6CD0E0>	G2	<rdkit.Chem.rdchem.Mol object at 0x000001B314A99B60>
C39505257	0	CO[C@H]1CC[C@@]2(C1)C[C@H](S(=O)(=O)C(C)C)CN2O	CO[C@H]1CC[C@@]2(C1)C[C@H](S(=O)(=O)C(C)C)CN2O	G2 inactive	Train	277.39	1	5	3	2	0	66.84								<rdkit.DataStructs.cDataStructs.ExplicitBitVect object at 0x0000029F5C6CCF20>	G2	<rdkit.Chem.rdchem.Mol object at 0x000001B314A99BD0>
C39164362	0	CC1=C(Sc2nc(C)nc3c2C[C@H](C)S3)[C@@H](O)N=N1	CC1=C(Sc2nc(C)nc3c2C[C@H](C)S3)[C@@H](O)N=N1	G2 inactive	Train	294.41	1	5	2	3	1	70.73								<rdkit.DataStructs.cDataStructs.ExplicitBitVect object at 0x0000029F5C6CCE40>	G2	<rdkit.Chem.rdchem.Mol object at 0x000001B314A99C40>
C42452285	0	CC[C@@H]1CO[C@H](C)CN1C(=O)NC(=O)CCCl	CC[C@@H]1CO[C@H](C)CN1C(=O)NC(=O)CCCl	G2 inactive	Train	262.74	1	3	3	1	0	58.64								<rdkit.DataStructs.cDataStructs.ExplicitBitVect object at 0x0000029F5C6CC6D0>	G2	<rdkit.Chem.rdchem.Mol object at 0x000001B314A99CB0>
C49281690	0	Cc1nc(NC[C@H]2CC=CCC2)c2cnn(C)c2n1	Cc1nc(NC[C@H]2CC=CCC2)c2cnn(C)c2n1	G2 inactive	Train	257.34	1	4	3	3	2	55.63								<rdkit.DataStructs.cDataStructs.ExplicitBitVect object at 0x0000029F5C6CC9E0>	G2	<rdkit.Chem.rdchem.Mol object at 0x000001B314A99D20>
C65551221	0	Cc1n[nH]c(C)c1/C=C1\SC(N2CCCCC2)=NC1=O	Cc1n[nH]c(C)c1/C=C1\SC(N2CCCCC2)=NC1=O	G2 inactive	Train	290.39	1	4	1	3	1	61.35								<rdkit.DataStructs.cDataStructs.ExplicitBitVect object at 0x0000029F5C6CD460>	G2	<rdkit.Chem.rdchem.Mol object at 0x000001B314A99D90>
C03830524	0	OC[C@H](O)[C@H]1O[C@H]2O[C@H](C(Cl)(Cl)Cl)O[C@@H]2[C@H]1O	OC[C@H](O)[C@H]1O[C@H]2O[C@H](C(Cl)(Cl)Cl)O[C@@H]2[C@H]1O	G2 inactive	Train	309.53	3	6	2	2	0	88.38								<rdkit.DataStructs.cDataStructs.ExplicitBitVect object at 0x0000029F5C6CC740>	G2	<rdkit.Chem.rdchem.Mol object at 0x000001B314A99E00>
C39957172	0	CC1(C)O[C@H]2[C@@H](O1)[C@@H](CCCO)O[C@@H]1OC(C)(C)O[C@@H]12	CC1(C)O[C@@H]2[C@H](O1)[C@H]1OC(C)(C)O[C@H]1O[C@@H]2CCCO	G2 inactive	Train	288.34	1	6	3	3	0	66.38								<rdkit.DataStructs.cDataStructs.ExplicitBitVect object at 0x0000029F5C6CC580>	G2	<rdkit.Chem.rdchem.Mol object at 0x000001B314A99E70>
C63883501	0	CC(C)N1N=CC2=N[C@H](c3cccn3-c3nccs3)N[C@@H]21	CC(C)N1N=CC2=N[C@H](c3cccn3-c3nccs3)N[C@@H]21	G2 inactive	Train	300.39	1	3	3	4	2	57.81								<rdkit.DataStructs.cDataStructs.ExplicitBitVect object at 0x0000029F5C6CC510>	G2	<rdkit.Chem.rdchem.Mol object at 0x000001B314A99EE0>
C35361184	0	CCCC/[NH+]=C/[C@]12CC[C@@H](O)C[C@]1(O)CC[C@@H]1[C@@H]2CC[C@]2(C)[C@H]([C@@H]3C=CC(=O)O3)CC[C@]12O	CCCC/[NH+]=C/[C@]12CC[C@@H](O)C[C@]1(O)CC[C@@H]1[C@@H]2CC[C@]2(C)[C@H]([C@@H]3C=CC(=O)O3)CC[C@]12O	G2 inactive	Train	460.64	4	5	5	5	0	100.96								<rdkit.DataStructs.cDataStructs.ExplicitBitVect object at 0x0000029F5C6CC200>	G2	<rdkit.Chem.rdchem.Mol object at 0x000001B314A99F50>
C12175611	0	CCOC(=O)N[C@H]1CS(=O)(=O)C[C@H]1NC(=S)N[C@@H]1CS(=O)(=O)C[C@@H]1Cl	CCOC(=O)N[C@H]1CS(=O)(=O)C[C@H]1NC(=S)N[C@@H]1CS(=O)(=O)C[C@@H]1Cl	G2 inactive	Train	433.96	3	9	4	2	0	130.67								<rdkit.DataStructs.cDataStructs.ExplicitBitVect object at 0x0000029F5C6CC4A0>	G2	<rdkit.Chem.rdchem.Mol object at 0x000001B314A99FC0>
C20609520	0	CCOC(=O)C1=c2oc(=O)/c(=C\c3ccc(O)cc3)n2-c2oc(N)nc2[C@@H]1c1ccc(O)cc1	CCOC(=O)C1=c2oc(=O)/c(=C\c3ccc(O)cc3)n2-c2oc(N)nc2[C@@H]1c1ccc(O)cc1	G2 inactive	Train	461.43	3	9	4	5	4	153.95								<rdkit.DataStructs.cDataStructs.ExplicitBitVect object at 0x0000029F5C6CCD60>	G2	<rdkit.Chem.rdchem.Mol object at 0x000001B314A9A030>
C38065079	0	CC[C@H](C)[NH2+][C@@H](C(N)=O)c1cc(Br)c2c(c1)OCCO2	CC[C@H](C)[NH2+][C@@H](C(N)=O)c1cc(Br)c2c(c1)OCCO2	G2 inactive	Train	344.23	2	3	5	2	1	78.16								<rdkit.DataStructs.cDataStructs.ExplicitBitVect object at 0x0000029F5C6CF610>	G2	<rdkit.Chem.rdchem.Mol object at 0x000001B314A9A0A0>
C04123651	0	CCCN1CC=C2C(C#N)=C(N)C(C#N)(C#N)[C@@H](c3ccccc3)[C@@H]2C1	CCCN1CC=C2C(C#N)=C(N)C(C#N)(C#N)[C@@H](c3ccccc3)[C@@H]2C1	G2 inactive	Train	343.43	1	5	3	3	1	100.63								<rdkit.DataStructs.cDataStructs.ExplicitBitVect object at 0x0000029F5C6CF8B0>	G2	<rdkit.Chem.rdchem.Mol object at 0x000001B314A9A110>
C25432749	0	NS(=O)(=O)c1ccc(CCNC(=O)c2cc(-c3ccco3)n(-c3ccc(Cl)cc3)n2)cc1	NS(=O)(=O)c1ccc(CCNC(=O)c2cc(-c3ccco3)n(-c3ccc(Cl)cc3)n2)cc1	G2 inactive	Train	470.94	2	5	7	4	4	120.22								<rdkit.DataStructs.cDataStructs.ExplicitBitVect object at 0x0000029F5C6CF140>	G2	<rdkit.Chem.rdchem.Mol object at 0x000001B314A9A180>
C36307538	0	CC(C)[NH+](Cc1c(-c2ccccc2)nn(C)c1Oc1ccc(F)cc1)C[C@H](O)COc1ccccc1	CC(C)[NH+](Cc1c(-c2ccccc2)nn(C)c1Oc1ccc(F)cc1)C[C@H](O)COc1ccccc1	G2 inactive	Train	490.6	2	4	11	4	4	60.95								<rdkit.DataStructs.cDataStructs.ExplicitBitVect object at 0x0000029F5C6CE810>	G2	<rdkit.Chem.rdchem.Mol object at 0x000001B314A9A1F0>
C04208938	0	C=CC1=C(C)/C(=C\C2=NC(=Cc3[nH]c(/C=C4/NC(=O)C(C)=C4C=C)c(C)c3CCC(=O)OC)C(CCC(=O)OC)=C2C)NC1=O	C=CC1=C(C)/C(=C\C2=NC(=Cc3[nH]c(/C=C4/NC(=O)C(C)=C4C=C)c(C)c3CCC(=O)OC)C(CCC(=O)OC)=C2C)NC1=O	G2 inactive	Train	610.71	3	6	11	4	1	138.95								<rdkit.DataStructs.cDataStructs.ExplicitBitVect object at 0x0000029F5C6CFD80>	G2	<rdkit.Chem.rdchem.Mol object at 0x000001B314A9A260>
C23714478	0	CNC(=O)c1c(NC(=O)c2ccc(S(=O)(=O)N(C)C3CCCCC3)cc2)sc2c1CC[NH+](C)C2	CNC(=O)c1c(NC(=O)c2ccc(S(=O)(=O)N(C)C3CCCCC3)cc2)sc2c1CC[NH+](C)C2	G2 inactive	Train	505.69	3	4	6	4	2	100.02								<rdkit.DataStructs.cDataStructs.ExplicitBitVect object at 0x0000029F5C6CD540>	G2	<rdkit.Chem.rdchem.Mol object at 0x000001B314A9A2D0>
C22053402	0	CO[C@@]12CC[C@]3(C[C@@H]1[C@@](C)(O)C(C)(C)C)[C@H]1Cc4ccc(O)c5c4[C@@]3(CC[NH+]1CC1CC1)[C@H]2O5	CO[C@@]12CC[C@]3(C[C@@H]1[C@@](C)(O)C(C)(C)C)[C@H]1Cc4ccc(O)c5c4[C@@]3(CC[NH+]1CC1CC1)[C@H]2O5	G2 inactive	Train	468.66	3	4	4	8	1	63.36								<rdkit.DataStructs.cDataStructs.ExplicitBitVect object at 0x0000029F5C6CE3B0>	G2	<rdkit.Chem.rdchem.Mol object at 0x000001B314A9A340>
C59170926	0	NC(=S)c1cc2cc(Cl)cc(Cl)c2o/c1=[NH+]\c1cccc(Cl)c1Cl	NC(=S)c1cc2cc(Cl)cc(Cl)c2o/c1=[NH+]\c1cccc(Cl)c1Cl	G2 inactive	Train	419.14	2	3	2	3	3	53.13								<rdkit.DataStructs.cDataStructs.ExplicitBitVect object at 0x0000029F5C6CED50>	G2	<rdkit.Chem.rdchem.Mol object at 0x000001B314A9A3B0>
C64796169	0	Cc1ccc(-c2c(C(=O)[O-])sc3c2NC(=O)C[C@@H]3c2ccccc2F)cc1	Cc1ccc(-c2c(C(=O)[O-])sc3c2NC(=O)C[C@@H]3c2ccccc2F)cc1	G2 inactive	Train	380.42	1	3	3	4	3	69.23								<rdkit.DataStructs.cDataStructs.ExplicitBitVect object at 0x0000029F5C6CEC70>	G2	<rdkit.Chem.rdchem.Mol object at 0x000001B314A9A420>
C40467147	0	Cc1csc(/N=C2/S/C(=C/c3ccc[nH]3)C(=O)N2C)n1	Cc1csc(/N=C2/S/C(=C/c3ccc[nH]3)C(=O)N2C)n1	G2 inactive	Train	304.4	1	3	2	3	2	61.35								<rdkit.DataStructs.cDataStructs.ExplicitBitVect object at 0x0000029F5C6CFB50>	G2	<rdkit.Chem.rdchem.Mol object at 0x000001B314A9A490>
C28049013	0	CC[NH+]=c1c(NS(=O)(=O)c2cc(C)cc(C)c2C)c(O)oc2ccccc12	CC[NH+]=c1c(NS(=O)(=O)c2cc(C)cc(C)c2C)c(O)oc2ccccc12	G2 inactive	Train	387.48	3	4	4	3	3	93.51								<rdkit.DataStructs.cDataStructs.ExplicitBitVect object at 0x0000029F5C6CF5A0>	G2	<rdkit.Chem.rdchem.Mol object at 0x000001B314A9A500>
C37581184	0	Cc1ccc(S(=O)(=O)/N=c2\[nH]cc(C)s2)c(C#CC[NH3+])c1	Cc1ccc(S(=O)(=O)/N=c2\[nH]cc(C)s2)c(C#CC[NH3+])c1	G2 inactive	Train	322.44	2	2	2	2	2	89.93								<rdkit.DataStructs.cDataStructs.ExplicitBitVect object at 0x0000029F5C6CE8F0>	G2	<rdkit.Chem.rdchem.Mol object at 0x000001B314A9A570>
C45067896	0	NS(=O)(=O)CCC[NH2+]Cc1cc(Br)cs1	NS(=O)(=O)CCC[NH2+]Cc1cc(Br)cs1	G2 inactive	Train	314.25	2	2	6	1	1	76.77								<rdkit.DataStructs.cDataStructs.ExplicitBitVect object at 0x0000029F5C6CCAC0>	G2	<rdkit.Chem.rdchem.Mol object at 0x000001B314A9A5E0>
C02417608	0	C[C@H](O)CN(C[C@@H](C)O)c1ncnc2c1sc1[nH+]c(N3CCCC3)c3c(c12)CC(C)(C)OC3	C[C@H](O)CN(C[C@@H](C)O)c1ncnc2c1sc1[nH+]c(N3CCCC3)c3c(c12)CC(C)(C)OC3	G2 inactive	Train	472.64	2	7	6	5	3	96.09								<rdkit.DataStructs.cDataStructs.ExplicitBitVect object at 0x0000029F5C6CDC40>	G2	<rdkit.Chem.rdchem.Mol object at 0x000001B314A9A650>
C39466706	0	O=[P@@]1(Cc2ccccc2)N[NH+]2C[C@@H]3C=C(F)C(O)=C[C@@H]3C[C@@H]2CO1	O=[P@@]1(Cc2ccccc2)N[NH+]2C[C@@H]3C=C(F)C(O)=C[C@@H]3C[C@@H]2CO1	G2 inactive	Train	351.34	3	4	2	4	1	63.0								<rdkit.DataStructs.cDataStructs.ExplicitBitVect object at 0x0000029F5C6CE110>	G2	<rdkit.Chem.rdchem.Mol object at 0x000001B314A9A6C0>
C08234664	0	CC1(C)CC(=O)c2sc(NC(=O)[C@@H]3CC(=O)N(C4CCCC4)C3)nc2C1	CC1(C)CC(=O)c2sc(NC(=O)[C@@H]3CC(=O)N(C4CCCC4)C3)nc2C1	G2 inactive	Train	375.49	1	4	3	4	1	79.37								<rdkit.DataStructs.cDataStructs.ExplicitBitVect object at 0x0000029F5C6CF680>	G2	<rdkit.Chem.rdchem.Mol object at 0x000001B314A9A730>
C16022281	0	CC(C)C[C@H]1[NH2+][C@@]2(C(=O)Nc3ccc(F)cc32)[C@H]2C(=O)N(C(C)(C)C)C(=O)[C@@H]12	CC(C)C[C@H]1[NH2+][C@@]2(C(=O)Nc3ccc(F)cc32)[C@H]2C(=O)N(C(C)(C)C)C(=O)[C@H]21	G2 inactive	Train	388.46	2	3	2	4	1	83.09								<rdkit.DataStructs.cDataStructs.ExplicitBitVect object at 0x0000029F5C6CC660>	G2	<rdkit.Chem.rdchem.Mol object at 0x000001B314A9A7A0>
C63708285	0	CC1=C(CCC2=[NH+]C3=c4ccccc4=[NH+][C@H](SCC(=O)Nc4c(C)cc(C)cc4C)N3N2)[C@@H](C)N=N1	CC1=C(CCC2=[NH+]C3=c4ccccc4=[NH+][C@H](SCC(=O)Nc4c(C)cc(C)cc4C)N3N2)[C@@H](C)N=N1	G2 inactive	Train	503.68	4	4	7	5	2	97.03								<rdkit.DataStructs.cDataStructs.ExplicitBitVect object at 0x0000029F5C6CD690>	G2	<rdkit.Chem.rdchem.Mol object at 0x000001B314A9A810>
C12659403	0	COc1ccc(/C=C/C(=O)C23CC4CC(CC(C4)C2)C3)cc1C[NH+]1C[C@H]2C[C@@H](C1)c1cccc(=O)n1C2	COc1ccc(/C=C/C(=O)C23CC4CC(CC(C4)C2)C3)cc1C[NH+]1C[C@@H]2C[C@@H](Cn3c2cccc3=O)C1	G2 inactive	Train	499.68	1	3	6	8	2	52.74								<rdkit.DataStructs.cDataStructs.ExplicitBitVect object at 0x0000029F5C6CE880>	G2	<rdkit.Chem.rdchem.Mol object at 0x000001B314A9A880>
C39327455	0	COc1ccc(C(=O)[C@H]2[C@H]3C=Cc4ccccc4N3[C@@H](C(C)=O)[C@@]23C(=O)Nc2ccccc23)cc1	COc1ccc(C(=O)[C@H]2[C@H]3C=Cc4ccccc4N3[C@@H](C(C)=O)[C@@]23C(=O)Nc2ccccc23)cc1	G2 inactive	Train	464.52	1	5	4	6	3	75.71								<rdkit.DataStructs.cDataStructs.ExplicitBitVect object at 0x0000029F5C6CEF80>	G2	<rdkit.Chem.rdchem.Mol object at 0x000001B314A9A8F0>
C08431203	0	COC(=O)C1=C2C(C)=CC(C)=CC(C)=C2C=CC=C1C(=O)O/C(NC1CCCCC1)=[NH+]/C1CCCCC1	COC(=O)C1=C2C(C)=CC(C)=CC(C)=C2C=CC=C1C(=O)O/C(NC1CCCCC1)=[NH+]/C1CCCCC1	G2 inactive	Train	505.68	2	5	4	4	0	78.6								<rdkit.DataStructs.cDataStructs.ExplicitBitVect object at 0x0000029F5C6CF990>	G2	<rdkit.Chem.rdchem.Mol object at 0x000001B314A9A960>
C63537989	0	COc1ccc(/N=C2\S/C(=C/c3ccc(N4CCCCC4)o3)C(=O)N2CCC2=c3ccccc3=[NH+]C2)cc1	COc1ccc(/N=C2\S/C(=C/c3ccc(N4CCCCC4)o3)C(=O)N2CCC2=c3ccccc3=[NH+]C2)cc1	G2 inactive	Train	527.67	1	5	7	6	3	72.25								<rdkit.DataStructs.cDataStructs.ExplicitBitVect object at 0x0000029F5C6CE730>	G2	<rdkit.Chem.rdchem.Mol object at 0x000001B314A9A9D0>
C47145753	0	CCN(CC)c1ccc([C@H]2c3sc(=O)[nH]c3S[C@@H]3C(=O)N(c4ccc(Cl)cc4)C(=O)[C@H]23)cc1	CCN(CC)c1ccc([C@H]2c3sc(=O)[nH]c3S[C@@H]3C(=O)N(c4ccc(Cl)cc4)C(=O)[C@@H]32)cc1	G2 inactive	Train	500.05	1	5	5	5	3	73.48								<rdkit.DataStructs.cDataStructs.ExplicitBitVect object at 0x0000029F5C6CE180>	G2	<rdkit.Chem.rdchem.Mol object at 0x000001B314A9AA40>
C17180307	0	C[C@]12CC[C@H]3[C@@H](CCC4=C/C(=N\OCC(=O)NCCc5ccc(O)cc5)CC[C@]43C)[C@@H]1CC[C@H]2O	C[C@@]12CC/C(=N/OCC(=O)NCCc3ccc(O)cc3)C=C1CC[C@@H]1[C@@H]2CC[C@@]2(C)[C@H]1CC[C@H]2O	G2 inactive	Train	480.65	3	4	6	5	1	91.15								<rdkit.DataStructs.cDataStructs.ExplicitBitVect object at 0x0000029F5C6CFE60>	G2	<rdkit.Chem.rdchem.Mol object at 0x000001B314A9AAB0>
C06195187	0	Cc1ccc(Nc2nc(N/N=C/c3cc(Cl)ccc3O)nc(N3CCOCC3)n2)c(Br)c1	Cc1ccc(Nc2nc(N/N=C/c3cc(Cl)ccc3O)nc(N3CCOCC3)n2)c(Br)c1	G2 inactive	Train	518.8	3	8	6	4	3	107.79								<rdkit.DataStructs.cDataStructs.ExplicitBitVect object at 0x0000029F5C6CEDC0>	G2	<rdkit.Chem.rdchem.Mol object at 0x000001B314A9AB20>
C15733767	0	Cc1cc2c3c([nH]c2cc1S(=O)(=O)NCCC[NH+]1CCCCCC1)CC(C)(C)CC3=O	Cc1cc2c3c([nH]c2cc1S(=O)(=O)NCCC[NH+]1CCCCCC1)CC(C)(C)CC3=O	G2 inactive	Train	446.64	3	3	6	4	2	83.47								<rdkit.DataStructs.cDataStructs.ExplicitBitVect object at 0x0000029F5C6CC900>	G2	<rdkit.Chem.rdchem.Mol object at 0x000001B314A9AB90>
C06644660	0	O=C([O-])c1ccc([C@H](Nc2cccc[nH+]2)c2ccc3cccnc3c2O)cc1	O=C([O-])c1ccc([C@H](Nc2cccc[nH+]2)c2ccc3cccnc3c2O)cc1	G2 inactive	Train	371.4	2	5	5	4	4	99.42								<rdkit.DataStructs.cDataStructs.ExplicitBitVect object at 0x0000029F5B659CB0>	G2	<rdkit.Chem.rdchem.Mol object at 0x000001B314A9AC00>
C38742083	0	CC1=C[C@H]([C@@H]2NN[C@H]3SC(Cc4ccc(-c5ccccc5)cc4)=NN32)N=N1	CC1=C[C@H]([C@@H]2NN[C@H]3SC(Cc4ccc(-c5ccccc5)cc4)=NN32)N=N1	G2 inactive	Train	376.49	2	4	4	5	2	64.38								<rdkit.DataStructs.cDataStructs.ExplicitBitVect object at 0x0000029F5B6587B0>	G2	<rdkit.Chem.rdchem.Mol object at 0x000001B314A9AC70>
C02385296	0	CC1(C)NS(=O)(=O)N(Cc2cccc3ccccc23)C1=O	CC1(C)NS(=O)(=O)N(Cc2cccc3ccccc23)C1=O	G2 inactive	Train	304.37	1	3	2	3	2	66.48								<rdkit.DataStructs.cDataStructs.ExplicitBitVect object at 0x0000029F5B658820>	G2	<rdkit.Chem.rdchem.Mol object at 0x000001B314A9ACE0>
C50817532	0	CNc1snnc1CN1CCO[C@H]2CCCC[C@@H]21	CNc1snnc1CN1CCO[C@H]2CCCC[C@@H]21	G2 inactive	Train	268.39	1	5	3	3	1	50.28								<rdkit.DataStructs.cDataStructs.ExplicitBitVect object at 0x0000029F5B658270>	G2	<rdkit.Chem.rdchem.Mol object at 0x000001B314A9AD50>
C10141120	0	O=C1CN(C(=O)CSc2nc3ccccc3o2)CCN1	O=C1CN(C(=O)CSc2nc3ccccc3o2)CCN1	G2 inactive	Train	291.33	1	5	3	3	2	75.44								<rdkit.DataStructs.cDataStructs.ExplicitBitVect object at 0x0000029F5B65B140>	G2	<rdkit.Chem.rdchem.Mol object at 0x000001B314A9ADC0>
C50253766	0	Cc1nc(S(=O)(=O)NC2(C#N)CCCCCCC2)cn1C	Cc1nc(S(=O)(=O)NC2(C#N)CCCCCCC2)cn1C	G2 inactive	Train	310.42	1	4	3	2	1	87.78								<rdkit.DataStructs.cDataStructs.ExplicitBitVect object at 0x0000029F5B658740>	G2	<rdkit.Chem.rdchem.Mol object at 0x000001B314A9AE30>
C41472816	0	COc1cc2nc(C(F)(F)F)nc(NC3CCC(O)CC3)c2cc1OC	COc1cc2nc(C(F)(F)F)nc(NC3CCC(O)CC3)c2cc1OC	G2 inactive	Train	371.36	2	6	4	3	2	76.5								<rdkit.DataStructs.cDataStructs.ExplicitBitVect object at 0x0000029F5B6586D0>	G2	<rdkit.Chem.rdchem.Mol object at 0x000001B314A9AEA0>
C02486888	0	Cc1[nH]n(-c2ccccc2)c(=O)c1[C@@]1(C(F)(F)F)C(=O)Nc2c1c(=O)[nH]c(=O)n2-c1ccccc1	Cc1[nH]n(-c2ccccc2)c(=O)c1[C@@]1(C(F)(F)F)C(=O)Nc2c1c(=O)[nH]c(=O)n2-c1ccccc1	G2 inactive	Train	483.41	3	4	3	5	4	121.75								<rdkit.DataStructs.cDataStructs.ExplicitBitVect object at 0x0000029F5B658890>	G2	<rdkit.Chem.rdchem.Mol object at 0x000001B314A9AF10>
C59599260	0	CCOc1cc(/C=N/Nc2ccc3ccccc3n2)ccc1Oc1c(N)n(C)c(=O)n(C)c1=O	CCOc1cc(/C=N/Nc2ccc3ccccc3n2)ccc1Oc1c(N)n(C)c(=O)n(C)c1=O	G2 inactive	Train	460.49	2	7	7	4	4	125.76								<rdkit.DataStructs.cDataStructs.ExplicitBitVect object at 0x0000029F5B65BA00>	G2	<rdkit.Chem.rdchem.Mol object at 0x000001B314A9AF80>
