Dataset	Type	RF ACC	RF AUC	RF PR	RF SP	XGB ACC	XGB AUC	XGB PR	XGB SP	SVM ACC	SVM AUC	SVM PR	SVM SP	MLP ACC	MLP AUC	MLP PR	MLP SP
ABL1	ECFP4_256bits	Train 1.00 | Valid 1.00 | Test 0.64	Train 1.00 | Valid 1.00 | Test 0.59	Train 1.00 | Valid 1.00 | Test 0.56	Train 1.00 | Valid 1.00 | Test 0.82	Train 0.99 | Valid 1.00 | Test 0.64	Train 0.99 | Valid 1.00 | Test 0.61	Train 1.00 | Valid 1.00 | Test 0.55	Train 1.00 | Valid 1.00 | Test 0.75	Train 0.95 | Valid 1.00 | Test 0.62	Train 0.93 | Valid 1.00 | Test 0.58	Train 1.00 | Valid 1.00 | Test 0.53	Train 1.00 | Valid 1.00 | Test 0.78	Train 0.91 | Valid 0.95 | Test 0.64	Train 0.89 | Valid 0.96 | Test 0.57	Train 0.99 | Valid 0.93 | Test 0.60	Train 0.99 | Valid 0.95 | Test 0.90
ABL1	ECFP4_512bits	Train 0.98 | Valid 1.00 | Test 0.62	Train 0.98 | Valid 1.00 | Test 0.57	Train 1.00 | Valid 1.00 | Test 0.53	Train 1.00 | Valid 1.00 | Test 0.80	Train 0.98 | Valid 1.00 | Test 0.68	Train 0.98 | Valid 1.00 | Test 0.65	Train 1.00 | Valid 1.00 | Test 0.62	Train 1.00 | Valid 1.00 | Test 0.80	Train 0.98 | Valid 1.00 | Test 0.62	Train 0.98 | Valid 1.00 | Test 0.57	Train 1.00 | Valid 1.00 | Test 0.53	Train 1.00 | Valid 1.00 | Test 0.80	Train 0.92 | Valid 0.97 | Test 0.65	Train 0.90 | Valid 0.97 | Test 0.56	Train 1.00 | Valid 0.96 | Test 0.80	Train 1.00 | Valid 0.98 | Test 0.98
ABL1	ECFP6_256bits	Train 0.98 | Valid 1.00 | Test 0.74	Train 0.98 | Valid 1.00 | Test 0.69	Train 1.00 | Valid 1.00 | Test 0.80	Train 1.00 | Valid 1.00 | Test 0.92	Train 1.00 | Valid 0.98 | Test 0.65	Train 1.00 | Valid 0.99 | Test 0.63	Train 1.00 | Valid 0.96 | Test 0.56	Train 1.00 | Valid 0.98 | Test 0.72	Train 0.98 | Valid 1.00 | Test 0.68	Train 0.98 | Valid 1.00 | Test 0.64	Train 1.00 | Valid 1.00 | Test 0.65	Train 1.00 | Valid 1.00 | Test 0.85	Train 0.91 | Valid 0.95 | Test 0.67	Train 0.88 | Valid 0.94 | Test 0.60	Train 1.00 | Valid 1.00 | Test 0.70	Train 1.00 | Valid 1.00 | Test 0.92
ABL1	ECFP6_512bits	Train 0.98 | Valid 1.00 | Test 0.67	Train 0.98 | Valid 1.00 | Test 0.62	Train 1.00 | Valid 1.00 | Test 0.62	Train 1.00 | Valid 1.00 | Test 0.85	Train 0.94 | Valid 1.00 | Test 0.65	Train 0.92 | Valid 1.00 | Test 0.61	Train 0.99 | Valid 1.00 | Test 0.58	Train 0.99 | Valid 1.00 | Test 0.80	Train 1.00 | Valid 0.98 | Test 0.58	Train 1.00 | Valid 0.99 | Test 0.54	Train 1.00 | Valid 0.96 | Test 0.45	Train 1.00 | Valid 0.98 | Test 0.72	Train 0.94 | Valid 0.98 | Test 0.58	Train 0.93 | Valid 0.98 | Test 0.50	Train 1.00 | Valid 1.00 | Test 0.40	Train 1.00 | Valid 1.00 | Test 0.85
AKT1	ECFP4_256bits	Train 0.99 | Valid 1.00 | Test 0.71	Train 0.99 | Valid 1.00 | Test 0.65	Train 1.00 | Valid 1.00 | Test 0.84	Train 1.00 | Valid 1.00 | Test 0.96	Train 1.00 | Valid 0.98 | Test 0.72	Train 1.00 | Valid 0.99 | Test 0.68	Train 1.00 | Valid 0.96 | Test 0.76	Train 1.00 | Valid 0.97 | Test 0.90	Train 0.90 | Valid 0.98 | Test 0.66	Train 0.87 | Valid 0.97 | Test 0.58	Train 1.00 | Valid 1.00 | Test 0.89	Train 1.00 | Valid 1.00 | Test 0.99	Train 0.96 | Valid 1.00 | Test 0.66	Train 0.95 | Valid 1.00 | Test 0.60	Train 0.99 | Valid 1.00 | Test 0.67	Train 1.00 | Valid 1.00 | Test 0.90
AKT1	ECFP4_512bits	Train 1.00 | Valid 1.00 | Test 0.72	Train 1.00 | Valid 1.00 | Test 0.66	Train 1.00 | Valid 1.00 | Test 0.82	Train 1.00 | Valid 1.00 | Test 0.94	Train 1.00 | Valid 0.99 | Test 0.74	Train 0.99 | Valid 0.99 | Test 0.70	Train 1.00 | Valid 0.98 | Test 0.77	Train 1.00 | Valid 0.99 | Test 0.90	Train 0.98 | Valid 1.00 | Test 0.75	Train 0.97 | Valid 1.00 | Test 0.71	Train 1.00 | Valid 1.00 | Test 0.80	Train 1.00 | Valid 1.00 | Test 0.92	Train 0.97 | Valid 1.00 | Test 0.68	Train 0.96 | Valid 1.00 | Test 0.61	Train 1.00 | Valid 1.00 | Test 0.74	Train 1.00 | Valid 1.00 | Test 0.93
AKT1	ECFP6_256bits	Train 1.00 | Valid 1.00 | Test 0.71	Train 1.00 | Valid 1.00 | Test 0.64	Train 1.00 | Valid 1.00 | Test 0.93	Train 1.00 | Valid 1.00 | Test 0.99	Train 1.00 | Valid 0.99 | Test 0.70	Train 1.00 | Valid 0.99 | Test 0.65	Train 1.00 | Valid 0.98 | Test 0.71	Train 1.00 | Valid 0.99 | Test 0.89	Train 0.88 | Valid 0.98 | Test 0.66	Train 0.85 | Valid 0.97 | Test 0.57	Train 1.00 | Valid 1.00 | Test 1.00	Train 1.00 | Valid 1.00 | Test 1.00	Train 0.90 | Valid 0.98 | Test 0.64	Train 0.87 | Valid 0.97 | Test 0.57	Train 0.99 | Valid 1.00 | Test 0.69	Train 1.00 | Valid 1.00 | Test 0.94
AKT1	ECFP6_512bits	Train 0.99 | Valid 1.00 | Test 0.71	Train 0.99 | Valid 1.00 | Test 0.65	Train 1.00 | Valid 1.00 | Test 0.84	Train 1.00 | Valid 1.00 | Test 0.96	Train 1.00 | Valid 0.99 | Test 0.72	Train 0.99 | Valid 0.99 | Test 0.67	Train 1.00 | Valid 0.98 | Test 0.80	Train 1.00 | Valid 0.99 | Test 0.93	Train 0.98 | Valid 0.99 | Test 0.71	Train 0.98 | Valid 0.99 | Test 0.66	Train 1.00 | Valid 0.98 | Test 0.76	Train 1.00 | Valid 0.99 | Test 0.92	Train 0.95 | Valid 1.00 | Test 0.66	Train 0.93 | Valid 1.00 | Test 0.58	Train 1.00 | Valid 1.00 | Test 0.82	Train 1.00 | Valid 1.00 | Test 0.97
AKT2	ECFP4_256bits	Train 1.00 | Valid 0.97 | Test 0.74	Train 1.00 | Valid 0.97 | Test 0.71	Train 1.00 | Valid 0.92 | Test 0.70	Train 1.00 | Valid 0.95 | Test 0.84	Train 0.98 | Valid 1.00 | Test 0.81	Train 0.98 | Valid 1.00 | Test 0.80	Train 1.00 | Valid 1.00 | Test 0.75	Train 1.00 | Valid 1.00 | Test 0.84	Train 0.98 | Valid 0.97 | Test 0.74	Train 0.98 | Valid 0.97 | Test 0.71	Train 1.00 | Valid 0.92 | Test 0.70	Train 1.00 | Valid 0.95 | Test 0.84	Train 1.00 | Valid 0.97 | Test 0.71	Train 1.00 | Valid 0.97 | Test 0.72	Train 1.00 | Valid 0.92 | Test 0.60	Train 1.00 | Valid 0.95 | Test 0.68
AKT2	ECFP4_512bits	Train 1.00 | Valid 1.00 | Test 0.77	Train 1.00 | Valid 1.00 | Test 0.75	Train 1.00 | Valid 1.00 | Test 0.73	Train 1.00 | Valid 1.00 | Test 0.84	Train 1.00 | Valid 0.94 | Test 0.84	Train 1.00 | Valid 0.95 | Test 0.82	Train 1.00 | Valid 0.86 | Test 0.82	Train 1.00 | Valid 0.89 | Test 0.89	Train 0.99 | Valid 1.00 | Test 0.81	Train 0.99 | Valid 1.00 | Test 0.78	Train 1.00 | Valid 1.00 | Test 0.80	Train 1.00 | Valid 1.00 | Test 0.89	Train 1.00 | Valid 1.00 | Test 0.71	Train 1.00 | Valid 1.00 | Test 0.70	Train 1.00 | Valid 1.00 | Test 0.62	Train 1.00 | Valid 1.00 | Test 0.74
AKT2	ECFP6_256bits	Train 1.00 | Valid 1.00 | Test 0.81	Train 1.00 | Valid 1.00 | Test 0.78	Train 1.00 | Valid 1.00 | Test 0.80	Train 1.00 | Valid 1.00 | Test 0.89	Train 1.00 | Valid 1.00 | Test 0.71	Train 1.00 | Valid 1.00 | Test 0.69	Train 1.00 | Valid 1.00 | Test 0.64	Train 1.00 | Valid 1.00 | Test 0.79	Train 1.00 | Valid 0.97 | Test 0.81	Train 1.00 | Valid 0.97 | Test 0.78	Train 1.00 | Valid 0.92 | Test 0.80	Train 1.00 | Valid 0.95 | Test 0.89	Train 0.81 | Valid 0.87 | Test 0.68	Train 0.76 | Valid 0.83 | Test 0.58	Train 1.00 | Valid 1.00 | Test 1.00	Train 1.00 | Valid 1.00 | Test 1.00
AKT2	ECFP6_512bits	Train 1.00 | Valid 1.00 | Test 0.77	Train 1.00 | Valid 1.00 | Test 0.75	Train 1.00 | Valid 1.00 | Test 0.73	Train 1.00 | Valid 1.00 | Test 0.84	Train 0.99 | Valid 0.97 | Test 0.77	Train 0.99 | Valid 0.97 | Test 0.74	Train 1.00 | Valid 0.92 | Test 0.78	Train 1.00 | Valid 0.95 | Test 0.89	Train 1.00 | Valid 1.00 | Test 0.81	Train 1.00 | Valid 1.00 | Test 0.78	Train 1.00 | Valid 1.00 | Test 0.80	Train 1.00 | Valid 1.00 | Test 0.89	Train 1.00 | Valid 1.00 | Test 0.74	Train 1.00 | Valid 1.00 | Test 0.73	Train 1.00 | Valid 1.00 | Test 0.67	Train 1.00 | Valid 1.00 | Test 0.79
ALK	ECFP4_256bits	Train 0.99 | Valid 0.99 | Test 0.97	Train 0.98 | Valid 0.99 | Test 0.97	Train 0.98 | Valid 1.00 | Test 0.94	Train 0.99 | Valid 1.00 | Test 0.96	Train 1.00 | Valid 0.99 | Test 1.00	Train 1.00 | Valid 0.99 | Test 1.00	Train 0.99 | Valid 1.00 | Test 1.00	Train 1.00 | Valid 1.00 | Test 1.00	Train 0.96 | Valid 0.98 | Test 0.99	Train 0.95 | Valid 0.97 | Test 0.99	Train 0.98 | Valid 1.00 | Test 1.00	Train 0.99 | Valid 1.00 | Test 1.00	Train 0.92 | Valid 0.96 | Test 0.98	Train 0.91 | Valid 0.95 | Test 0.98	Train 0.98 | Valid 1.00 | Test 0.98	Train 0.99 | Valid 1.00 | Test 0.99
ALK	ECFP4_512bits	Train 0.97 | Valid 0.98 | Test 0.98	Train 0.96 | Valid 0.98 | Test 0.98	Train 0.99 | Valid 1.00 | Test 0.98	Train 0.99 | Valid 1.00 | Test 0.99	Train 1.00 | Valid 0.99 | Test 1.00	Train 1.00 | Valid 0.99 | Test 1.00	Train 0.99 | Valid 1.00 | Test 1.00	Train 0.99 | Valid 1.00 | Test 1.00	Train 0.88 | Valid 0.89 | Test 0.97	Train 0.85 | Valid 0.86 | Test 0.96	Train 0.97 | Valid 1.00 | Test 1.00	Train 0.99 | Valid 1.00 | Test 1.00	Train 0.93 | Valid 0.96 | Test 0.99	Train 0.92 | Valid 0.95 | Test 0.99	Train 0.98 | Valid 1.00 | Test 1.00	Train 0.99 | Valid 1.00 | Test 1.00
ALK	ECFP6_256bits	Train 0.97 | Valid 0.98 | Test 0.97	Train 0.97 | Valid 0.97 | Test 0.97	Train 0.98 | Valid 1.00 | Test 0.94	Train 0.99 | Valid 1.00 | Test 0.96	Train 0.98 | Valid 0.98 | Test 0.97	Train 0.97 | Valid 0.98 | Test 0.97	Train 0.99 | Valid 1.00 | Test 0.94	Train 0.99 | Valid 1.00 | Test 0.96	Train 1.00 | Valid 0.82 | Test 0.89	Train 1.00 | Valid 0.78 | Test 0.87	Train 1.00 | Valid 1.00 | Test 1.00	Train 1.00 | Valid 1.00 | Test 1.00	Train 0.92 | Valid 0.96 | Test 0.98	Train 0.90 | Valid 0.95 | Test 0.97	Train 0.98 | Valid 1.00 | Test 0.98	Train 0.99 | Valid 1.00 | Test 0.99
ALK	ECFP6_512bits	Train 0.94 | Valid 0.96 | Test 0.97	Train 0.93 | Valid 0.95 | Test 0.97	Train 0.97 | Valid 1.00 | Test 0.94	Train 0.98 | Valid 1.00 | Test 0.96	Train 0.95 | Valid 0.97 | Test 0.98	Train 0.94 | Valid 0.96 | Test 0.98	Train 0.99 | Valid 1.00 | Test 0.98	Train 1.00 | Valid 1.00 | Test 0.99	Train 0.86 | Valid 0.87 | Test 0.93	Train 0.82 | Valid 0.84 | Test 0.92	Train 0.98 | Valid 1.00 | Test 1.00	Train 0.99 | Valid 1.00 | Test 1.00	Train 0.89 | Valid 0.92 | Test 0.97	Train 0.87 | Valid 0.90 | Test 0.96	Train 0.99 | Valid 1.00 | Test 1.00	Train 1.00 | Valid 1.00 | Test 1.00
BRAF	ECFP4_256bits	Train 1.00 | Valid 1.00 | Test 0.62	Train 0.99 | Valid 1.00 | Test 0.58	Train 1.00 | Valid 1.00 | Test 0.54	Train 1.00 | Valid 1.00 | Test 0.80	Train 1.00 | Valid 1.00 | Test 0.64	Train 0.99 | Valid 1.00 | Test 0.62	Train 1.00 | Valid 1.00 | Test 0.56	Train 1.00 | Valid 1.00 | Test 0.73	Train 1.00 | Valid 1.00 | Test 0.68	Train 0.99 | Valid 1.00 | Test 0.63	Train 1.00 | Valid 1.00 | Test 0.67	Train 1.00 | Valid 1.00 | Test 0.87	Train 1.00 | Valid 1.00 | Test 0.62	Train 1.00 | Valid 1.00 | Test 0.61	Train 1.00 | Valid 1.00 | Test 0.52	Train 1.00 | Valid 1.00 | Test 0.67
BRAF	ECFP4_512bits	Train 1.00 | Valid 1.00 | Test 0.60	Train 0.99 | Valid 1.00 | Test 0.56	Train 1.00 | Valid 1.00 | Test 0.50	Train 1.00 | Valid 1.00 | Test 0.77	Train 0.99 | Valid 1.00 | Test 0.58	Train 0.99 | Valid 1.00 | Test 0.53	Train 1.00 | Valid 1.00 | Test 0.46	Train 1.00 | Valid 1.00 | Test 0.77	Train 1.00 | Valid 1.00 | Test 0.68	Train 0.99 | Valid 1.00 | Test 0.64	Train 1.00 | Valid 1.00 | Test 0.64	Train 1.00 | Valid 1.00 | Test 0.83	Train 1.00 | Valid 1.00 | Test 0.66	Train 1.00 | Valid 1.00 | Test 0.63	Train 1.00 | Valid 1.00 | Test 0.59	Train 1.00 | Valid 1.00 | Test 0.77
BRAF	ECFP6_256bits	Train 1.00 | Valid 1.00 | Test 0.64	Train 0.99 | Valid 1.00 | Test 0.58	Train 1.00 | Valid 1.00 | Test 0.60	Train 1.00 | Valid 1.00 | Test 0.87	Train 1.00 | Valid 1.00 | Test 0.68	Train 0.99 | Valid 1.00 | Test 0.64	Train 1.00 | Valid 1.00 | Test 0.64	Train 1.00 | Valid 1.00 | Test 0.83	Train 1.00 | Valid 1.00 | Test 0.62	Train 0.99 | Valid 1.00 | Test 0.58	Train 1.00 | Valid 1.00 | Test 0.54	Train 1.00 | Valid 1.00 | Test 0.80	Train 0.91 | Valid 0.96 | Test 0.60	Train 0.89 | Valid 0.95 | Test 0.51	Train 1.00 | Valid 1.00 | Test 0.50	Train 1.00 | Valid 1.00 | Test 0.97
BRAF	ECFP6_512bits	Train 1.00 | Valid 1.00 | Test 0.64	Train 0.99 | Valid 1.00 | Test 0.58	Train 1.00 | Valid 1.00 | Test 0.60	Train 1.00 | Valid 1.00 | Test 0.87	Train 0.98 | Valid 0.98 | Test 0.60	Train 0.98 | Valid 0.98 | Test 0.54	Train 1.00 | Valid 0.95 | Test 0.50	Train 1.00 | Valid 0.97 | Test 0.83	Train 1.00 | Valid 1.00 | Test 0.62	Train 0.99 | Valid 1.00 | Test 0.57	Train 1.00 | Valid 1.00 | Test 0.55	Train 1.00 | Valid 1.00 | Test 0.83	Train 1.00 | Valid 1.00 | Test 0.60	Train 1.00 | Valid 1.00 | Test 0.57	Train 1.00 | Valid 1.00 | Test 0.50	Train 1.00 | Valid 1.00 | Test 0.73
BTK	ECFP4_256bits	Train 0.99 | Valid 0.97 | Test 0.99	Train 0.99 | Valid 0.97 | Test 0.99	Train 1.00 | Valid 0.98 | Test 0.98	Train 1.00 | Valid 0.99 | Test 0.99	Train 0.98 | Valid 0.97 | Test 0.97	Train 0.98 | Valid 0.97 | Test 0.96	Train 1.00 | Valid 1.00 | Test 0.98	Train 1.00 | Valid 1.00 | Test 0.99	Train 1.00 | Valid 0.99 | Test 1.00	Train 1.00 | Valid 0.99 | Test 1.00	Train 1.00 | Valid 1.00 | Test 1.00	Train 1.00 | Valid 1.00 | Test 1.00	Train 0.94 | Valid 0.93 | Test 0.95	Train 0.93 | Valid 0.92 | Test 0.95	Train 0.94 | Valid 0.92 | Test 0.93	Train 0.96 | Valid 0.95 | Test 0.96
BTK	ECFP4_512bits	Train 0.97 | Valid 0.97 | Test 0.95	Train 0.97 | Valid 0.97 | Test 0.96	Train 0.97 | Valid 0.95 | Test 0.91	Train 0.98 | Valid 0.97 | Test 0.93	Train 0.96 | Valid 0.94 | Test 0.93	Train 0.95 | Valid 0.93 | Test 0.93	Train 0.99 | Valid 0.96 | Test 0.89	Train 0.99 | Valid 0.98 | Test 0.92	Train 0.77 | Valid 0.72 | Test 0.83	Train 0.71 | Valid 0.66 | Test 0.79	Train 0.99 | Valid 1.00 | Test 1.00	Train 1.00 | Valid 1.00 | Test 1.00	Train 0.88 | Valid 0.88 | Test 0.93	Train 0.85 | Valid 0.86 | Test 0.91	Train 0.98 | Valid 0.98 | Test 0.96	Train 0.99 | Valid 0.99 | Test 0.98
BTK	ECFP6_256bits	Train 1.00 | Valid 0.97 | Test 0.98	Train 1.00 | Valid 0.97 | Test 0.98	Train 1.00 | Valid 0.98 | Test 0.95	Train 1.00 | Valid 0.99 | Test 0.97	Train 0.99 | Valid 0.95 | Test 0.97	Train 0.99 | Valid 0.94 | Test 0.97	Train 1.00 | Valid 0.96 | Test 0.97	Train 1.00 | Valid 0.98 | Test 0.98	Train 1.00 | Valid 0.66 | Test 0.68	Train 1.00 | Valid 0.58 | Test 0.60	Train 1.00 | Valid 1.00 | Test 1.00	Train 1.00 | Valid 1.00 | Test 1.00	Train 0.96 | Valid 0.93 | Test 0.94	Train 0.96 | Valid 0.93 | Test 0.95	Train 0.95 | Valid 0.90 | Test 0.88	Train 0.97 | Valid 0.93 | Test 0.91
BTK	ECFP6_512bits	Train 0.97 | Valid 0.95 | Test 0.95	Train 0.97 | Valid 0.95 | Test 0.95	Train 0.98 | Valid 0.95 | Test 0.89	Train 0.99 | Valid 0.97 | Test 0.92	Train 0.97 | Valid 0.95 | Test 0.96	Train 0.97 | Valid 0.95 | Test 0.96	Train 0.99 | Valid 0.97 | Test 0.95	Train 0.99 | Valid 0.98 | Test 0.97	Train 0.97 | Valid 0.96 | Test 0.96	Train 0.96 | Valid 0.96 | Test 0.97	Train 0.98 | Valid 0.95 | Test 0.91	Train 0.99 | Valid 0.97 | Test 0.93	Train 0.85 | Valid 0.84 | Test 0.87	Train 0.82 | Valid 0.81 | Test 0.85	Train 0.98 | Valid 0.97 | Test 0.88	Train 0.99 | Valid 0.99 | Test 0.93
CDK2	ECFP4_256bits	Train 1.00 | Valid 1.00 | Test 0.59	Train 1.00 | Valid 1.00 | Test 0.61	Train 1.00 | Valid 0.99 | Test 0.50	Train 1.00 | Valid 0.99 | Test 0.52	Train 1.00 | Valid 0.98 | Test 0.61	Train 1.00 | Valid 0.98 | Test 0.63	Train 1.00 | Valid 0.94 | Test 0.51	Train 1.00 | Valid 0.96 | Test 0.55	Train 0.75 | Valid 0.83 | Test 0.62	Train 0.69 | Valid 0.79 | Test 0.54	Train 1.00 | Valid 1.00 | Test 0.63	Train 1.00 | Valid 1.00 | Test 0.94	Train 0.92 | Valid 0.93 | Test 0.55	Train 0.90 | Valid 0.93 | Test 0.55	Train 0.97 | Valid 0.95 | Test 0.45	Train 0.98 | Valid 0.97 | Test 0.57
CDK2	ECFP4_512bits	Train 0.99 | Valid 1.00 | Test 0.60	Train 0.99 | Valid 1.00 | Test 0.62	Train 1.00 | Valid 0.99 | Test 0.50	Train 1.00 | Valid 0.99 | Test 0.50	Train 1.00 | Valid 0.99 | Test 0.65	Train 1.00 | Valid 0.99 | Test 0.68	Train 1.00 | Valid 0.98 | Test 0.54	Train 1.00 | Valid 0.98 | Test 0.53	Train 0.76 | Valid 0.86 | Test 0.62	Train 0.70 | Valid 0.83 | Test 0.54	Train 1.00 | Valid 1.00 | Test 0.59	Train 1.00 | Valid 1.00 | Test 0.93	Train 0.99 | Valid 0.94 | Test 0.49	Train 0.99 | Valid 0.95 | Test 0.53	Train 0.98 | Valid 0.88 | Test 0.42	Train 0.99 | Valid 0.91 | Test 0.32
CDK2	ECFP6_256bits	Train 1.00 | Valid 1.00 | Test 0.67	Train 1.00 | Valid 1.00 | Test 0.67	Train 1.00 | Valid 1.00 | Test 0.59	Train 1.00 | Valid 1.00 | Test 0.71	Train 1.00 | Valid 0.98 | Test 0.61	Train 1.00 | Valid 0.98 | Test 0.63	Train 1.00 | Valid 0.96 | Test 0.51	Train 1.00 | Valid 0.97 | Test 0.56	Train 1.00 | Valid 0.90 | Test 0.63	Train 1.00 | Valid 0.88 | Test 0.54	Train 1.00 | Valid 1.00 | Test 0.89	Train 1.00 | Valid 1.00 | Test 0.99	Train 0.90 | Valid 0.91 | Test 0.59	Train 0.88 | Valid 0.90 | Test 0.58	Train 0.95 | Valid 0.89 | Test 0.49	Train 0.97 | Valid 0.93 | Test 0.65
CDK2	ECFP6_512bits	Train 0.99 | Valid 1.00 | Test 0.65	Train 0.99 | Valid 1.00 | Test 0.65	Train 1.00 | Valid 0.99 | Test 0.56	Train 1.00 | Valid 0.99 | Test 0.65	Train 1.00 | Valid 0.98 | Test 0.63	Train 1.00 | Valid 0.98 | Test 0.65	Train 1.00 | Valid 0.94 | Test 0.52	Train 1.00 | Valid 0.96 | Test 0.54	Train 0.71 | Valid 0.75 | Test 0.62	Train 0.64 | Valid 0.69 | Test 0.52	Train 1.00 | Valid 1.00 | Test 1.00	Train 1.00 | Valid 1.00 | Test 1.00	Train 0.95 | Valid 0.95 | Test 0.57	Train 0.94 | Valid 0.96 | Test 0.58	Train 0.97 | Valid 0.91 | Test 0.47	Train 0.98 | Valid 0.94 | Test 0.52
CHK1	ECFP4_256bits	Train 0.99 | Valid 0.99 | Test 0.99	Train 0.99 | Valid 0.99 | Test 0.99	Train 0.97 | Valid 0.97 | Test 0.97	Train 0.98 | Valid 0.98 | Test 0.98	Train 1.00 | Valid 0.98 | Test 0.98	Train 1.00 | Valid 0.97 | Test 0.98	Train 1.00 | Valid 0.98 | Test 0.96	Train 1.00 | Valid 0.98 | Test 0.98	Train 0.74 | Valid 0.76 | Test 0.76	Train 0.68 | Valid 0.70 | Test 0.70	Train 0.99 | Valid 1.00 | Test 1.00	Train 1.00 | Valid 1.00 | Test 1.00	Train 0.92 | Valid 0.93 | Test 0.95	Train 0.91 | Valid 0.92 | Test 0.94	Train 0.94 | Valid 0.97 | Test 0.99	Train 0.96 | Valid 0.98 | Test 0.99
CHK1	ECFP4_512bits	Train 0.99 | Valid 0.99 | Test 0.98	Train 0.99 | Valid 0.99 | Test 0.98	Train 0.97 | Valid 0.97 | Test 0.95	Train 0.98 | Valid 0.98 | Test 0.97	Train 0.99 | Valid 0.98 | Test 0.98	Train 0.99 | Valid 0.98 | Test 0.98	Train 0.98 | Valid 0.96 | Test 0.96	Train 0.99 | Valid 0.98 | Test 0.98	Train 0.77 | Valid 0.78 | Test 0.80	Train 0.72 | Valid 0.73 | Test 0.75	Train 0.99 | Valid 1.00 | Test 1.00	Train 1.00 | Valid 1.00 | Test 1.00	Train 0.93 | Valid 0.95 | Test 0.95	Train 0.92 | Valid 0.94 | Test 0.94	Train 0.95 | Valid 0.97 | Test 0.99	Train 0.97 | Valid 0.98 | Test 0.99
CHK1	ECFP6_256bits	Train 0.98 | Valid 0.99 | Test 0.98	Train 0.99 | Valid 0.99 | Test 0.98	Train 0.97 | Valid 0.97 | Test 0.95	Train 0.98 | Valid 0.98 | Test 0.97	Train 0.96 | Valid 0.95 | Test 0.98	Train 0.95 | Valid 0.94 | Test 0.98	Train 0.99 | Valid 0.99 | Test 0.98	Train 0.99 | Valid 0.99 | Test 0.98	Train 1.00 | Valid 0.88 | Test 0.96	Train 1.00 | Valid 0.85 | Test 0.95	Train 1.00 | Valid 0.98 | Test 1.00	Train 1.00 | Valid 0.99 | Test 1.00	Train 0.90 | Valid 0.94 | Test 0.94	Train 0.88 | Valid 0.92 | Test 0.94	Train 0.93 | Valid 0.99 | Test 0.94	Train 0.96 | Valid 0.99 | Test 0.96
CHK1	ECFP6_512bits	Train 0.98 | Valid 0.98 | Test 0.98	Train 0.98 | Valid 0.98 | Test 0.98	Train 0.97 | Valid 0.96 | Test 0.96	Train 0.98 | Valid 0.98 | Test 0.98	Train 0.93 | Valid 0.91 | Test 0.95	Train 0.91 | Valid 0.89 | Test 0.94	Train 0.99 | Valid 0.99 | Test 0.99	Train 1.00 | Valid 0.99 | Test 0.99	Train 0.73 | Valid 0.76 | Test 0.74	Train 0.67 | Valid 0.70 | Test 0.67	Train 1.00 | Valid 1.00 | Test 1.00	Train 1.00 | Valid 1.00 | Test 1.00	Train 0.94 | Valid 0.95 | Test 0.97	Train 0.94 | Valid 0.94 | Test 0.96	Train 0.96 | Valid 0.96 | Test 0.96	Train 0.97 | Valid 0.98 | Test 0.98
CSF1R	ECFP4_256bits	Train 1.00 | Valid 1.00 | Test 0.74	Train 1.00 | Valid 1.00 | Test 0.74	Train 1.00 | Valid 1.00 | Test 0.67	Train 1.00 | Valid 1.00 | Test 0.75	Train 1.00 | Valid 1.00 | Test 0.77	Train 1.00 | Valid 1.00 | Test 0.76	Train 1.00 | Valid 1.00 | Test 0.70	Train 1.00 | Valid 1.00 | Test 0.79	Train 1.00 | Valid 1.00 | Test 0.64	Train 1.00 | Valid 1.00 | Test 0.57	Train 1.00 | Valid 1.00 | Test 0.67	Train 1.00 | Valid 1.00 | Test 0.93	Train 0.91 | Valid 0.89 | Test 0.55	Train 0.89 | Valid 0.89 | Test 0.48	Train 1.00 | Valid 0.89 | Test 0.33	Train 1.00 | Valid 0.93 | Test 0.86
CSF1R	ECFP4_512bits	Train 0.99 | Valid 1.00 | Test 0.72	Train 0.99 | Valid 1.00 | Test 0.72	Train 1.00 | Valid 1.00 | Test 0.65	Train 1.00 | Valid 1.00 | Test 0.75	Train 0.98 | Valid 1.00 | Test 0.68	Train 0.97 | Valid 1.00 | Test 0.67	Train 1.00 | Valid 1.00 | Test 0.60	Train 1.00 | Valid 1.00 | Test 0.71	Train 0.99 | Valid 1.00 | Test 0.70	Train 0.99 | Valid 1.00 | Test 0.70	Train 1.00 | Valid 1.00 | Test 0.62	Train 1.00 | Valid 1.00 | Test 0.71	Train 0.98 | Valid 1.00 | Test 0.66	Train 0.98 | Valid 1.00 | Test 0.61	Train 1.00 | Valid 1.00 | Test 0.64	Train 1.00 | Valid 1.00 | Test 0.86
CSF1R	ECFP6_256bits	Train 1.00 | Valid 0.98 | Test 0.72	Train 1.00 | Valid 0.98 | Test 0.73	Train 1.00 | Valid 0.95 | Test 0.64	Train 1.00 | Valid 0.96 | Test 0.71	Train 0.98 | Valid 0.98 | Test 0.77	Train 0.97 | Valid 0.98 | Test 0.76	Train 1.00 | Valid 0.95 | Test 0.70	Train 1.00 | Valid 0.96 | Test 0.79	Train 1.00 | Valid 1.00 | Test 0.74	Train 1.00 | Valid 1.00 | Test 0.73	Train 1.00 | Valid 1.00 | Test 0.68	Train 1.00 | Valid 1.00 | Test 0.79	Train 1.00 | Valid 0.96 | Test 0.66	Train 1.00 | Valid 0.96 | Test 0.64	Train 1.00 | Valid 0.95 | Test 0.59	Train 1.00 | Valid 0.96 | Test 0.75
CSF1R	ECFP6_512bits	Train 1.00 | Valid 1.00 | Test 0.72	Train 1.00 | Valid 1.00 | Test 0.70	Train 1.00 | Valid 1.00 | Test 0.69	Train 1.00 | Valid 1.00 | Test 0.82	Train 0.98 | Valid 1.00 | Test 0.66	Train 0.98 | Valid 1.00 | Test 0.64	Train 1.00 | Valid 1.00 | Test 0.59	Train 1.00 | Valid 1.00 | Test 0.75	Train 1.00 | Valid 0.98 | Test 0.77	Train 1.00 | Valid 0.98 | Test 0.76	Train 1.00 | Valid 0.95 | Test 0.70	Train 1.00 | Valid 0.96 | Test 0.79	Train 0.93 | Valid 0.94 | Test 0.70	Train 0.91 | Valid 0.92 | Test 0.63	Train 1.00 | Valid 1.00 | Test 1.00	Train 1.00 | Valid 1.00 | Test 1.00
FAK1	ECFP4_256bits	Train 0.99 | Valid 1.00 | Test 0.65	Train 0.99 | Valid 1.00 | Test 0.58	Train 1.00 | Valid 1.00 | Test 0.67	Train 1.00 | Valid 1.00 | Test 0.93	Train 0.99 | Valid 1.00 | Test 0.65	Train 0.99 | Valid 1.00 | Test 0.58	Train 1.00 | Valid 1.00 | Test 0.67	Train 1.00 | Valid 1.00 | Test 0.93	Train 0.99 | Valid 1.00 | Test 0.61	Train 0.99 | Valid 1.00 | Test 0.50	Train 1.00 | Valid 1.00 | Test 0.00	Train 1.00 | Valid 1.00 | Test 1.00	Train 1.00 | Valid 1.00 | Test 0.57	Train 1.00 | Valid 1.00 | Test 0.46	Train 1.00 | Valid 1.00 | Test 0.00	Train 1.00 | Valid 1.00 | Test 0.93
FAK1	ECFP4_512bits	Train 0.99 | Valid 1.00 | Test 0.61	Train 0.99 | Valid 1.00 | Test 0.52	Train 1.00 | Valid 1.00 | Test 0.50	Train 1.00 | Valid 1.00 | Test 0.93	Train 0.99 | Valid 1.00 | Test 0.65	Train 0.99 | Valid 1.00 | Test 0.58	Train 1.00 | Valid 1.00 | Test 0.67	Train 1.00 | Valid 1.00 | Test 0.93	Train 0.99 | Valid 1.00 | Test 0.57	Train 0.99 | Valid 1.00 | Test 0.46	Train 1.00 | Valid 1.00 | Test 0.00	Train 1.00 | Valid 1.00 | Test 0.93	Train 1.00 | Valid 1.00 | Test 0.57	Train 1.00 | Valid 1.00 | Test 0.46	Train 1.00 | Valid 1.00 | Test 0.00	Train 1.00 | Valid 1.00 | Test 0.93
FAK1	ECFP6_256bits	Train 1.00 | Valid 1.00 | Test 0.61	Train 1.00 | Valid 1.00 | Test 0.52	Train 1.00 | Valid 1.00 | Test 0.50	Train 1.00 | Valid 1.00 | Test 0.93	Train 0.99 | Valid 1.00 | Test 0.65	Train 0.99 | Valid 1.00 | Test 0.58	Train 1.00 | Valid 1.00 | Test 0.67	Train 1.00 | Valid 1.00 | Test 0.93	Train 0.99 | Valid 1.00 | Test 0.61	Train 0.99 | Valid 1.00 | Test 0.50	Train 1.00 | Valid 1.00 | Test 0.00	Train 1.00 | Valid 1.00 | Test 1.00	Train 1.00 | Valid 1.00 | Test 0.61	Train 1.00 | Valid 1.00 | Test 0.50	Train 1.00 | Valid 1.00 | Test 0.00	Train 1.00 | Valid 1.00 | Test 1.00
FAK1	ECFP6_512bits	Train 0.99 | Valid 1.00 | Test 0.61	Train 0.99 | Valid 1.00 | Test 0.50	Train 1.00 | Valid 1.00 | Test 0.00	Train 1.00 | Valid 1.00 | Test 1.00	Train 0.99 | Valid 1.00 | Test 0.65	Train 0.99 | Valid 1.00 | Test 0.58	Train 1.00 | Valid 1.00 | Test 0.67	Train 1.00 | Valid 1.00 | Test 0.93	Train 0.99 | Valid 1.00 | Test 0.61	Train 0.99 | Valid 1.00 | Test 0.50	Train 1.00 | Valid 1.00 | Test 0.00	Train 1.00 | Valid 1.00 | Test 1.00	Train 1.00 | Valid 1.00 | Test 0.61	Train 1.00 | Valid 1.00 | Test 0.50	Train 1.00 | Valid 1.00 | Test 0.00	Train 1.00 | Valid 1.00 | Test 1.00
FGFR1	ECFP4_256bits	Train 1.00 | Valid 1.00 | Test 0.65	Train 1.00 | Valid 1.00 | Test 0.58	Train 1.00 | Valid 1.00 | Test 0.67	Train 1.00 | Valid 1.00 | Test 0.92	Train 1.00 | Valid 0.98 | Test 0.63	Train 1.00 | Valid 0.98 | Test 0.57	Train 1.00 | Valid 0.94 | Test 0.56	Train 1.00 | Valid 0.96 | Test 0.85	Train 0.98 | Valid 0.98 | Test 0.63	Train 0.98 | Valid 0.98 | Test 0.57	Train 1.00 | Valid 0.94 | Test 0.56	Train 1.00 | Valid 0.96 | Test 0.85	Train 1.00 | Valid 0.98 | Test 0.60	Train 1.00 | Valid 0.98 | Test 0.56	Train 1.00 | Valid 0.94 | Test 0.50	Train 1.00 | Valid 0.96 | Test 0.77
FGFR1	ECFP4_512bits	Train 1.00 | Valid 1.00 | Test 0.63	Train 1.00 | Valid 1.00 | Test 0.56	Train 1.00 | Valid 1.00 | Test 0.57	Train 1.00 | Valid 1.00 | Test 0.88	Train 0.98 | Valid 1.00 | Test 0.63	Train 0.98 | Valid 1.00 | Test 0.57	Train 1.00 | Valid 1.00 | Test 0.56	Train 1.00 | Valid 1.00 | Test 0.85	Train 0.99 | Valid 1.00 | Test 0.65	Train 0.99 | Valid 1.00 | Test 0.60	Train 1.00 | Valid 1.00 | Test 0.60	Train 1.00 | Valid 1.00 | Test 0.85	Train 1.00 | Valid 1.00 | Test 0.65	Train 1.00 | Valid 1.00 | Test 0.62	Train 1.00 | Valid 1.00 | Test 0.57	Train 1.00 | Valid 1.00 | Test 0.77
FGFR1	ECFP6_256bits	Train 1.00 | Valid 1.00 | Test 0.63	Train 1.00 | Valid 1.00 | Test 0.55	Train 1.00 | Valid 1.00 | Test 0.60	Train 1.00 | Valid 1.00 | Test 0.92	Train 0.98 | Valid 1.00 | Test 0.63	Train 0.98 | Valid 1.00 | Test 0.56	Train 1.00 | Valid 1.00 | Test 0.57	Train 1.00 | Valid 1.00 | Test 0.88	Train 0.99 | Valid 1.00 | Test 0.65	Train 0.99 | Valid 1.00 | Test 0.58	Train 1.00 | Valid 1.00 | Test 0.67	Train 1.00 | Valid 1.00 | Test 0.92	Train 0.88 | Valid 0.93 | Test 0.63	Train 0.85 | Valid 0.91 | Test 0.53	Train 1.00 | Valid 1.00 | Test 1.00	Train 1.00 | Valid 1.00 | Test 1.00
FGFR1	ECFP6_512bits	Train 1.00 | Valid 1.00 | Test 0.65	Train 1.00 | Valid 1.00 | Test 0.58	Train 1.00 | Valid 1.00 | Test 0.67	Train 1.00 | Valid 1.00 | Test 0.92	Train 0.98 | Valid 1.00 | Test 0.63	Train 0.98 | Valid 1.00 | Test 0.56	Train 1.00 | Valid 1.00 | Test 0.57	Train 1.00 | Valid 1.00 | Test 0.88	Train 0.99 | Valid 1.00 | Test 0.65	Train 0.99 | Valid 1.00 | Test 0.59	Train 1.00 | Valid 1.00 | Test 0.62	Train 1.00 | Valid 1.00 | Test 0.88	Train 1.00 | Valid 1.00 | Test 0.70	Train 1.00 | Valid 1.00 | Test 0.65	Train 1.00 | Valid 1.00 | Test 0.70	Train 1.00 | Valid 1.00 | Test 0.88
FLT3	ECFP4_256bits	Train 0.99 | Valid 0.96 | Test 0.97	Train 0.99 | Valid 0.95 | Test 0.97	Train 0.99 | Valid 0.95 | Test 0.97	Train 0.99 | Valid 0.97 | Test 0.98	Train 0.99 | Valid 0.96 | Test 0.98	Train 0.99 | Valid 0.96 | Test 0.97	Train 1.00 | Valid 0.97 | Test 0.98	Train 1.00 | Valid 0.98 | Test 0.99	Train 1.00 | Valid 0.91 | Test 0.96	Train 1.00 | Valid 0.89 | Test 0.95	Train 1.00 | Valid 0.98 | Test 1.00	Train 1.00 | Valid 0.99 | Test 1.00	Train 1.00 | Valid 0.96 | Test 0.96	Train 1.00 | Valid 0.96 | Test 0.96	Train 1.00 | Valid 0.94 | Test 0.97	Train 1.00 | Valid 0.96 | Test 0.98
FLT3	ECFP4_512bits	Train 0.98 | Valid 0.96 | Test 0.97	Train 0.98 | Valid 0.96 | Test 0.97	Train 0.97 | Valid 0.94 | Test 0.97	Train 0.98 | Valid 0.96 | Test 0.98	Train 0.93 | Valid 0.90 | Test 0.96	Train 0.92 | Valid 0.87 | Test 0.95	Train 0.98 | Valid 0.96 | Test 0.98	Train 0.99 | Valid 0.98 | Test 0.99	Train 1.00 | Valid 0.82 | Test 0.90	Train 1.00 | Valid 0.77 | Test 0.87	Train 1.00 | Valid 0.97 | Test 1.00	Train 1.00 | Valid 0.99 | Test 1.00	Train 0.90 | Valid 0.88 | Test 0.91	Train 0.90 | Valid 0.87 | Test 0.91	Train 0.91 | Valid 0.85 | Test 0.89	Train 0.94 | Valid 0.90 | Test 0.93
FLT3	ECFP6_256bits	Train 1.00 | Valid 0.94 | Test 0.98	Train 1.00 | Valid 0.94 | Test 0.97	Train 1.00 | Valid 0.95 | Test 0.97	Train 1.00 | Valid 0.97 | Test 0.98	Train 0.97 | Valid 0.88 | Test 0.93	Train 0.96 | Valid 0.85 | Test 0.92	Train 0.99 | Valid 0.96 | Test 0.97	Train 0.99 | Valid 0.98 | Test 0.98	Train 1.00 | Valid 0.79 | Test 0.80	Train 1.00 | Valid 0.73 | Test 0.75	Train 1.00 | Valid 0.97 | Test 1.00	Train 1.00 | Valid 0.99 | Test 1.00	Train 0.82 | Valid 0.78 | Test 0.86	Train 0.79 | Valid 0.76 | Test 0.84	Train 0.85 | Valid 0.76 | Test 0.89	Train 0.92 | Valid 0.87 | Test 0.94
FLT3	ECFP6_512bits	Train 0.99 | Valid 0.95 | Test 0.98	Train 0.99 | Valid 0.95 | Test 0.97	Train 0.99 | Valid 0.93 | Test 0.97	Train 0.99 | Valid 0.95 | Test 0.98	Train 1.00 | Valid 0.95 | Test 0.98	Train 1.00 | Valid 0.95 | Test 0.98	Train 1.00 | Valid 0.95 | Test 0.98	Train 1.00 | Valid 0.97 | Test 0.99	Train 0.96 | Valid 0.94 | Test 0.94	Train 0.96 | Valid 0.94 | Test 0.93	Train 0.98 | Valid 0.94 | Test 0.97	Train 0.99 | Valid 0.96 | Test 0.98	Train 0.87 | Valid 0.85 | Test 0.93	Train 0.85 | Valid 0.84 | Test 0.92	Train 0.92 | Valid 0.84 | Test 0.97	Train 0.96 | Valid 0.90 | Test 0.98
HGF	ECFP4_256bits	Train 0.98 | Valid 0.94 | Test 0.94	Train 0.99 | Valid 0.94 | Test 0.94	Train 0.97 | Valid 0.93 | Test 0.89	Train 0.98 | Valid 0.95 | Test 0.92	Train 0.94 | Valid 0.91 | Test 0.93	Train 0.93 | Valid 0.89 | Test 0.93	Train 0.96 | Valid 0.92 | Test 0.88	Train 0.98 | Valid 0.95 | Test 0.91	Train 1.00 | Valid 0.95 | Test 0.99	Train 1.00 | Valid 0.94 | Test 0.98	Train 1.00 | Valid 0.97 | Test 0.99	Train 1.00 | Valid 0.98 | Test 0.99	Train 0.96 | Valid 0.93 | Test 0.94	Train 0.96 | Valid 0.93 | Test 0.94	Train 0.95 | Valid 0.93 | Test 0.89	Train 0.97 | Valid 0.95 | Test 0.92
HGF	ECFP4_512bits	Train 0.96 | Valid 0.92 | Test 0.94	Train 0.96 | Valid 0.91 | Test 0.95	Train 0.96 | Valid 0.92 | Test 0.88	Train 0.97 | Valid 0.95 | Test 0.91	Train 1.00 | Valid 0.97 | Test 0.98	Train 1.00 | Valid 0.97 | Test 0.98	Train 1.00 | Valid 0.99 | Test 0.97	Train 1.00 | Valid 0.99 | Test 0.98	Train 0.76 | Valid 0.76 | Test 0.86	Train 0.70 | Valid 0.70 | Test 0.83	Train 0.99 | Valid 0.97 | Test 1.00	Train 1.00 | Valid 0.99 | Test 1.00	Train 0.96 | Valid 0.95 | Test 0.95	Train 0.96 | Valid 0.95 | Test 0.95	Train 0.94 | Valid 0.94 | Test 0.90	Train 0.96 | Valid 0.96 | Test 0.93
HGF	ECFP6_256bits	Train 1.00 | Valid 0.92 | Test 0.96	Train 1.00 | Valid 0.91 | Test 0.96	Train 1.00 | Valid 0.94 | Test 0.93	Train 1.00 | Valid 0.96 | Test 0.95	Train 0.99 | Valid 0.92 | Test 0.95	Train 0.99 | Valid 0.90 | Test 0.95	Train 1.00 | Valid 0.95 | Test 0.92	Train 1.00 | Valid 0.97 | Test 0.95	Train 1.00 | Valid 0.69 | Test 0.77	Train 1.00 | Valid 0.62 | Test 0.71	Train 1.00 | Valid 1.00 | Test 1.00	Train 1.00 | Valid 1.00 | Test 1.00	Train 0.88 | Valid 0.87 | Test 0.92	Train 0.86 | Valid 0.86 | Test 0.92	Train 0.89 | Valid 0.87 | Test 0.88	Train 0.93 | Valid 0.92 | Test 0.91
HGF	ECFP6_512bits	Train 0.98 | Valid 0.92 | Test 0.94	Train 0.98 | Valid 0.91 | Test 0.95	Train 0.98 | Valid 0.92 | Test 0.89	Train 0.98 | Valid 0.95 | Test 0.92	Train 0.96 | Valid 0.90 | Test 0.94	Train 0.95 | Valid 0.88 | Test 0.95	Train 0.98 | Valid 0.92 | Test 0.91	Train 0.99 | Valid 0.95 | Test 0.94	Train 0.72 | Valid 0.73 | Test 0.84	Train 0.65 | Valid 0.67 | Test 0.80	Train 1.00 | Valid 0.97 | Test 1.00	Train 1.00 | Valid 0.99 | Test 1.00	Train 0.94 | Valid 0.94 | Test 0.95	Train 0.93 | Valid 0.93 | Test 0.96	Train 0.94 | Valid 0.96 | Test 0.92	Train 0.96 | Valid 0.98 | Test 0.95
IGF1R	ECFP4_256bits	Train 1.00 | Valid 1.00 | Test 0.69	Train 1.00 | Valid 1.00 | Test 0.62	Train 1.00 | Valid 1.00 | Test 1.00	Train 1.00 | Valid 1.00 | Test 1.00	Train 1.00 | Valid 1.00 | Test 0.69	Train 1.00 | Valid 1.00 | Test 0.62	Train 1.00 | Valid 1.00 | Test 1.00	Train 1.00 | Valid 1.00 | Test 1.00	Train 1.00 | Valid 1.00 | Test 0.67	Train 1.00 | Valid 1.00 | Test 0.62	Train 1.00 | Valid 1.00 | Test 0.75	Train 1.00 | Valid 1.00 | Test 0.93	Train 1.00 | Valid 1.00 | Test 0.69	Train 1.00 | Valid 1.00 | Test 0.65	Train 1.00 | Valid 1.00 | Test 0.73	Train 1.00 | Valid 1.00 | Test 0.90
IGF1R	ECFP4_512bits	Train 1.00 | Valid 1.00 | Test 0.67	Train 1.00 | Valid 1.00 | Test 0.61	Train 1.00 | Valid 1.00 | Test 0.83	Train 1.00 | Valid 1.00 | Test 0.97	Train 1.00 | Valid 1.00 | Test 0.71	Train 1.00 | Valid 1.00 | Test 0.65	Train 1.00 | Valid 1.00 | Test 1.00	Train 1.00 | Valid 1.00 | Test 1.00	Train 1.00 | Valid 1.00 | Test 0.67	Train 1.00 | Valid 1.00 | Test 0.62	Train 1.00 | Valid 1.00 | Test 0.75	Train 1.00 | Valid 1.00 | Test 0.93	Train 1.00 | Valid 1.00 | Test 0.69	Train 1.00 | Valid 1.00 | Test 0.64	Train 1.00 | Valid 1.00 | Test 0.78	Train 1.00 | Valid 1.00 | Test 0.93
IGF1R	ECFP6_256bits	Train 1.00 | Valid 1.00 | Test 0.63	Train 1.00 | Valid 1.00 | Test 0.57	Train 1.00 | Valid 1.00 | Test 0.67	Train 1.00 | Valid 1.00 | Test 0.93	Train 1.00 | Valid 1.00 | Test 0.63	Train 1.00 | Valid 1.00 | Test 0.57	Train 1.00 | Valid 1.00 | Test 0.67	Train 1.00 | Valid 1.00 | Test 0.93	Train 1.00 | Valid 1.00 | Test 0.63	Train 1.00 | Valid 1.00 | Test 0.58	Train 1.00 | Valid 1.00 | Test 0.60	Train 1.00 | Valid 1.00 | Test 0.86	Train 1.00 | Valid 1.00 | Test 0.65	Train 1.00 | Valid 1.00 | Test 0.62	Train 1.00 | Valid 1.00 | Test 0.60	Train 1.00 | Valid 1.00 | Test 0.79
IGF1R	ECFP6_512bits	Train 1.00 | Valid 1.00 | Test 0.63	Train 1.00 | Valid 1.00 | Test 0.56	Train 1.00 | Valid 1.00 | Test 0.75	Train 1.00 | Valid 1.00 | Test 0.97	Train 1.00 | Valid 1.00 | Test 0.67	Train 1.00 | Valid 1.00 | Test 0.61	Train 1.00 | Valid 1.00 | Test 0.83	Train 1.00 | Valid 1.00 | Test 0.97	Train 1.00 | Valid 1.00 | Test 0.67	Train 1.00 | Valid 1.00 | Test 0.62	Train 1.00 | Valid 1.00 | Test 0.75	Train 1.00 | Valid 1.00 | Test 0.93	Train 1.00 | Valid 1.00 | Test 0.67	Train 1.00 | Valid 1.00 | Test 0.62	Train 1.00 | Valid 1.00 | Test 0.75	Train 1.00 | Valid 1.00 | Test 0.93
IRAK4	ECFP4_256bits	Train 1.00 | Valid 0.98 | Test 1.00	Train 1.00 | Valid 0.97 | Test 1.00	Train 0.99 | Valid 1.00 | Test 1.00	Train 0.99 | Valid 1.00 | Test 1.00	Train 1.00 | Valid 0.99 | Test 0.99	Train 1.00 | Valid 0.99 | Test 0.99	Train 1.00 | Valid 1.00 | Test 0.98	Train 1.00 | Valid 1.00 | Test 0.99	Train 1.00 | Valid 0.97 | Test 0.99	Train 1.00 | Valid 0.96 | Test 0.99	Train 1.00 | Valid 1.00 | Test 1.00	Train 1.00 | Valid 1.00 | Test 1.00	Train 0.94 | Valid 0.91 | Test 0.97	Train 0.93 | Valid 0.89 | Test 0.96	Train 0.97 | Valid 1.00 | Test 1.00	Train 0.98 | Valid 1.00 | Test 1.00
IRAK4	ECFP4_512bits	Train 0.97 | Valid 0.98 | Test 0.98	Train 0.97 | Valid 0.97 | Test 0.97	Train 0.98 | Valid 1.00 | Test 1.00	Train 0.99 | Valid 1.00 | Test 1.00	Train 0.99 | Valid 0.98 | Test 1.00	Train 0.99 | Valid 0.98 | Test 1.00	Train 0.99 | Valid 1.00 | Test 1.00	Train 0.99 | Valid 1.00 | Test 1.00	Train 0.87 | Valid 0.87 | Test 0.95	Train 0.83 | Valid 0.83 | Test 0.93	Train 1.00 | Valid 1.00 | Test 1.00	Train 1.00 | Valid 1.00 | Test 1.00	Train 0.96 | Valid 0.98 | Test 0.97	Train 0.96 | Valid 0.97 | Test 0.96	Train 0.98 | Valid 1.00 | Test 1.00	Train 0.99 | Valid 1.00 | Test 1.00
IRAK4	ECFP6_256bits	Train 0.99 | Valid 0.98 | Test 1.00	Train 0.99 | Valid 0.97 | Test 1.00	Train 0.99 | Valid 1.00 | Test 1.00	Train 0.99 | Valid 1.00 | Test 1.00	Train 1.00 | Valid 0.98 | Test 0.98	Train 1.00 | Valid 0.97 | Test 0.98	Train 1.00 | Valid 1.00 | Test 0.98	Train 1.00 | Valid 1.00 | Test 0.99	Train 0.78 | Valid 0.80 | Test 0.88	Train 0.73 | Valid 0.75 | Test 0.86	Train 1.00 | Valid 1.00 | Test 1.00	Train 1.00 | Valid 1.00 | Test 1.00	Train 0.94 | Valid 0.90 | Test 0.97	Train 0.93 | Valid 0.88 | Test 0.96	Train 0.96 | Valid 0.95 | Test 0.98	Train 0.98 | Valid 0.97 | Test 0.99
IRAK4	ECFP6_512bits	Train 0.99 | Valid 0.97 | Test 1.00	Train 0.99 | Valid 0.96 | Test 1.00	Train 0.99 | Valid 1.00 | Test 1.00	Train 0.99 | Valid 1.00 | Test 1.00	Train 1.00 | Valid 0.98 | Test 0.99	Train 1.00 | Valid 0.98 | Test 0.99	Train 1.00 | Valid 1.00 | Test 1.00	Train 1.00 | Valid 1.00 | Test 1.00	Train 0.82 | Valid 0.84 | Test 0.91	Train 0.78 | Valid 0.79 | Test 0.88	Train 1.00 | Valid 1.00 | Test 1.00	Train 1.00 | Valid 1.00 | Test 1.00	Train 0.92 | Valid 0.89 | Test 0.96	Train 0.91 | Valid 0.87 | Test 0.95	Train 0.97 | Valid 0.97 | Test 1.00	Train 0.98 | Valid 0.99 | Test 1.00
ITK	ECFP4_256bits	Train 1.00 | Valid 1.00 | Test 1.00	Train 1.00 | Valid 1.00 | Test 1.00	Train 0.99 | Valid 1.00 | Test 1.00	Train 1.00 | Valid 1.00 | Test 1.00	Train 0.99 | Valid 0.99 | Test 1.00	Train 0.99 | Valid 0.99 | Test 1.00	Train 0.99 | Valid 1.00 | Test 1.00	Train 1.00 | Valid 1.00 | Test 1.00	Train 1.00 | Valid 1.00 | Test 1.00	Train 1.00 | Valid 1.00 | Test 1.00	Train 1.00 | Valid 1.00 | Test 1.00	Train 1.00 | Valid 1.00 | Test 1.00	Train 1.00 | Valid 0.98 | Test 0.97	Train 1.00 | Valid 0.99 | Test 0.98	Train 1.00 | Valid 0.96 | Test 0.94	Train 1.00 | Valid 0.97 | Test 0.96
ITK	ECFP4_512bits	Train 0.99 | Valid 1.00 | Test 0.99	Train 0.99 | Valid 1.00 | Test 0.99	Train 0.99 | Valid 1.00 | Test 0.98	Train 0.99 | Valid 1.00 | Test 0.99	Train 0.97 | Valid 0.99 | Test 0.99	Train 0.96 | Valid 0.99 | Test 0.99	Train 0.98 | Valid 1.00 | Test 1.00	Train 0.99 | Valid 1.00 | Test 1.00	Train 0.73 | Valid 0.74 | Test 0.88	Train 0.66 | Valid 0.67 | Test 0.85	Train 0.98 | Valid 1.00 | Test 1.00	Train 1.00 | Valid 1.00 | Test 1.00	Train 0.99 | Valid 0.99 | Test 0.97	Train 0.99 | Valid 0.99 | Test 0.98	Train 0.98 | Valid 0.98 | Test 0.94	Train 0.99 | Valid 0.99 | Test 0.96
ITK	ECFP6_256bits	Train 1.00 | Valid 1.00 | Test 1.00	Train 1.00 | Valid 1.00 | Test 1.00	Train 0.99 | Valid 1.00 | Test 1.00	Train 1.00 | Valid 1.00 | Test 1.00	Train 1.00 | Valid 0.99 | Test 1.00	Train 1.00 | Valid 0.99 | Test 1.00	Train 1.00 | Valid 0.98 | Test 1.00	Train 1.00 | Valid 0.99 | Test 1.00	Train 1.00 | Valid 0.92 | Test 0.98	Train 1.00 | Valid 0.90 | Test 0.98	Train 1.00 | Valid 1.00 | Test 1.00	Train 1.00 | Valid 1.00 | Test 1.00	Train 1.00 | Valid 0.98 | Test 0.97	Train 1.00 | Valid 0.99 | Test 0.98	Train 1.00 | Valid 0.96 | Test 0.94	Train 1.00 | Valid 0.97 | Test 0.96
ITK	ECFP6_512bits	Train 0.99 | Valid 0.99 | Test 0.98	Train 0.99 | Valid 0.99 | Test 0.99	Train 0.99 | Valid 0.98 | Test 0.96	Train 0.99 | Valid 0.99 | Test 0.97	Train 0.97 | Valid 0.99 | Test 0.98	Train 0.97 | Valid 0.99 | Test 0.99	Train 0.98 | Valid 0.98 | Test 0.96	Train 0.99 | Valid 0.99 | Test 0.97	Train 1.00 | Valid 0.87 | Test 0.95	Train 1.00 | Valid 0.84 | Test 0.94	Train 1.00 | Valid 1.00 | Test 1.00	Train 1.00 | Valid 1.00 | Test 1.00	Train 0.96 | Valid 0.98 | Test 0.98	Train 0.96 | Valid 0.98 | Test 0.99	Train 0.97 | Valid 0.98 | Test 0.96	Train 0.98 | Valid 0.99 | Test 0.97
JAK2	ECFP4_256bits	Train 1.00 | Valid 1.00 | Test 0.61	Train 1.00 | Valid 1.00 | Test 0.56	Train 1.00 | Valid 1.00 | Test 0.50	Train 1.00 | Valid 1.00 | Test 0.76	Train 0.98 | Valid 1.00 | Test 0.54	Train 0.98 | Valid 1.00 | Test 0.47	Train 1.00 | Valid 1.00 | Test 0.33	Train 1.00 | Valid 1.00 | Test 0.76	Train 0.99 | Valid 1.00 | Test 0.54	Train 0.99 | Valid 1.00 | Test 0.51	Train 1.00 | Valid 1.00 | Test 0.40	Train 1.00 | Valid 1.00 | Test 0.65	Train 1.00 | Valid 1.00 | Test 0.54	Train 1.00 | Valid 1.00 | Test 0.51	Train 1.00 | Valid 1.00 | Test 0.40	Train 1.00 | Valid 1.00 | Test 0.65
JAK2	ECFP4_512bits	Train 0.99 | Valid 1.00 | Test 0.64	Train 0.99 | Valid 1.00 | Test 0.59	Train 1.00 | Valid 1.00 | Test 0.57	Train 1.00 | Valid 1.00 | Test 0.82	Train 0.98 | Valid 1.00 | Test 0.43	Train 0.98 | Valid 1.00 | Test 0.39	Train 1.00 | Valid 1.00 | Test 0.22	Train 1.00 | Valid 1.00 | Test 0.59	Train 0.99 | Valid 1.00 | Test 0.57	Train 0.99 | Valid 1.00 | Test 0.52	Train 1.00 | Valid 1.00 | Test 0.43	Train 1.00 | Valid 1.00 | Test 0.76	Train 0.98 | Valid 0.96 | Test 0.57	Train 0.98 | Valid 0.95 | Test 0.47	Train 1.00 | Valid 1.00 | Test 0.00	Train 1.00 | Valid 1.00 | Test 0.94
JAK2	ECFP6_256bits	Train 1.00 | Valid 1.00 | Test 0.57	Train 1.00 | Valid 1.00 | Test 0.52	Train 1.00 | Valid 1.00 | Test 0.43	Train 1.00 | Valid 1.00 | Test 0.76	Train 1.00 | Valid 1.00 | Test 0.54	Train 1.00 | Valid 1.00 | Test 0.51	Train 1.00 | Valid 1.00 | Test 0.40	Train 1.00 | Valid 1.00 | Test 0.65	Train 0.99 | Valid 1.00 | Test 0.61	Train 0.99 | Valid 1.00 | Test 0.55	Train 1.00 | Valid 1.00 | Test 0.50	Train 1.00 | Valid 1.00 | Test 0.82	Train 1.00 | Valid 1.00 | Test 0.61	Train 1.00 | Valid 1.00 | Test 0.56	Train 1.00 | Valid 1.00 | Test 0.50	Train 1.00 | Valid 1.00 | Test 0.76
JAK2	ECFP6_512bits	Train 0.99 | Valid 1.00 | Test 0.61	Train 0.99 | Valid 1.00 | Test 0.55	Train 1.00 | Valid 1.00 | Test 0.50	Train 1.00 | Valid 1.00 | Test 0.82	Train 0.98 | Valid 1.00 | Test 0.50	Train 0.98 | Valid 1.00 | Test 0.44	Train 1.00 | Valid 1.00 | Test 0.29	Train 1.00 | Valid 1.00 | Test 0.71	Train 0.99 | Valid 1.00 | Test 0.71	Train 0.99 | Valid 1.00 | Test 0.64	Train 1.00 | Valid 1.00 | Test 1.00	Train 1.00 | Valid 1.00 | Test 1.00	Train 0.99 | Valid 1.00 | Test 0.61	Train 0.99 | Valid 1.00 | Test 0.52	Train 1.00 | Valid 1.00 | Test 0.50	Train 1.00 | Valid 1.00 | Test 0.94
KIT	ECFP4_256bits	Train 1.00 | Valid 0.98 | Test 0.66	Train 0.99 | Valid 0.99 | Test 0.62	Train 1.00 | Valid 0.96 | Test 0.59	Train 1.00 | Valid 0.97 | Test 0.80	Train 1.00 | Valid 0.97 | Test 0.67	Train 0.99 | Valid 0.97 | Test 0.62	Train 1.00 | Valid 0.92 | Test 0.67	Train 1.00 | Valid 0.94 | Test 0.89	Train 1.00 | Valid 0.98 | Test 0.66	Train 0.99 | Valid 0.99 | Test 0.62	Train 1.00 | Valid 0.96 | Test 0.58	Train 1.00 | Valid 0.97 | Test 0.77	Train 0.98 | Valid 0.93 | Test 0.64	Train 0.98 | Valid 0.94 | Test 0.62	Train 1.00 | Valid 0.88 | Test 0.55	Train 1.00 | Valid 0.91 | Test 0.71
KIT	ECFP4_512bits	Train 0.99 | Valid 0.98 | Test 0.66	Train 0.99 | Valid 0.99 | Test 0.62	Train 1.00 | Valid 0.96 | Test 0.59	Train 1.00 | Valid 0.97 | Test 0.80	Train 0.99 | Valid 0.98 | Test 0.69	Train 0.99 | Valid 0.99 | Test 0.63	Train 1.00 | Valid 0.96 | Test 0.73	Train 1.00 | Valid 0.97 | Test 0.91	Train 1.00 | Valid 0.97 | Test 0.66	Train 1.00 | Valid 0.96 | Test 0.57	Train 1.00 | Valid 1.00 | Test 1.00	Train 1.00 | Valid 1.00 | Test 1.00	Train 1.00 | Valid 0.98 | Test 0.62	Train 1.00 | Valid 0.99 | Test 0.60	Train 1.00 | Valid 0.96 | Test 0.52	Train 1.00 | Valid 0.97 | Test 0.69
KIT	ECFP6_256bits	Train 1.00 | Valid 1.00 | Test 0.67	Train 1.00 | Valid 1.00 | Test 0.62	Train 1.00 | Valid 1.00 | Test 0.64	Train 1.00 | Valid 1.00 | Test 0.86	Train 1.00 | Valid 0.98 | Test 0.62	Train 1.00 | Valid 0.99 | Test 0.57	Train 1.00 | Valid 0.96 | Test 0.54	Train 1.00 | Valid 0.97 | Test 0.83	Train 1.00 | Valid 0.98 | Test 0.67	Train 1.00 | Valid 0.99 | Test 0.64	Train 1.00 | Valid 0.96 | Test 0.61	Train 1.00 | Valid 0.97 | Test 0.80	Train 0.84 | Valid 0.83 | Test 0.67	Train 0.80 | Valid 0.78 | Test 0.59	Train 1.00 | Valid 1.00 | Test 1.00	Train 1.00 | Valid 1.00 | Test 1.00
KIT	ECFP6_512bits	Train 1.00 | Valid 0.98 | Test 0.67	Train 1.00 | Valid 0.99 | Test 0.62	Train 1.00 | Valid 0.96 | Test 0.67	Train 1.00 | Valid 0.97 | Test 0.89	Train 1.00 | Valid 0.98 | Test 0.66	Train 1.00 | Valid 0.99 | Test 0.60	Train 1.00 | Valid 0.96 | Test 0.62	Train 1.00 | Valid 0.97 | Test 0.86	Train 1.00 | Valid 0.98 | Test 0.66	Train 1.00 | Valid 0.99 | Test 0.62	Train 1.00 | Valid 0.96 | Test 0.58	Train 1.00 | Valid 0.97 | Test 0.77	Train 1.00 | Valid 0.98 | Test 0.69	Train 1.00 | Valid 0.99 | Test 0.67	Train 1.00 | Valid 0.96 | Test 0.62	Train 1.00 | Valid 0.97 | Test 0.77
KPCB	ECFP4_256bits	Train 0.99 | Valid 1.00 | Test 0.76	Train 0.99 | Valid 1.00 | Test 0.72	Train 1.00 | Valid 1.00 | Test 0.89	Train 1.00 | Valid 1.00 | Test 0.96	Train 1.00 | Valid 1.00 | Test 0.76	Train 1.00 | Valid 1.00 | Test 0.71	Train 1.00 | Valid 1.00 | Test 1.00	Train 1.00 | Valid 1.00 | Test 1.00	Train 1.00 | Valid 1.00 | Test 0.71	Train 1.00 | Valid 1.00 | Test 0.65	Train 1.00 | Valid 1.00 | Test 1.00	Train 1.00 | Valid 1.00 | Test 1.00	Train 0.93 | Valid 0.98 | Test 0.71	Train 0.92 | Valid 0.97 | Test 0.65	Train 1.00 | Valid 1.00 | Test 1.00	Train 1.00 | Valid 1.00 | Test 1.00
KPCB	ECFP4_512bits	Train 0.99 | Valid 1.00 | Test 0.76	Train 0.99 | Valid 1.00 | Test 0.72	Train 1.00 | Valid 1.00 | Test 0.89	Train 1.00 | Valid 1.00 | Test 0.96	Train 1.00 | Valid 0.98 | Test 0.76	Train 1.00 | Valid 0.98 | Test 0.72	Train 1.00 | Valid 0.94 | Test 0.89	Train 1.00 | Valid 0.96 | Test 0.96	Train 0.98 | Valid 1.00 | Test 0.76	Train 0.98 | Valid 1.00 | Test 0.72	Train 1.00 | Valid 1.00 | Test 0.89	Train 1.00 | Valid 1.00 | Test 0.96	Train 1.00 | Valid 1.00 | Test 0.74	Train 1.00 | Valid 1.00 | Test 0.70	Train 1.00 | Valid 1.00 | Test 0.80	Train 1.00 | Valid 1.00 | Test 0.92
KPCB	ECFP6_256bits	Train 1.00 | Valid 1.00 | Test 0.74	Train 1.00 | Valid 1.00 | Test 0.69	Train 1.00 | Valid 1.00 | Test 0.88	Train 1.00 | Valid 1.00 | Test 0.96	Train 1.00 | Valid 0.98 | Test 0.71	Train 1.00 | Valid 0.98 | Test 0.67	Train 1.00 | Valid 0.94 | Test 0.78	Train 1.00 | Valid 0.96 | Test 0.92	Train 1.00 | Valid 1.00 | Test 0.76	Train 1.00 | Valid 1.00 | Test 0.72	Train 1.00 | Valid 1.00 | Test 0.89	Train 1.00 | Valid 1.00 | Test 0.96	Train 1.00 | Valid 1.00 | Test 0.76	Train 1.00 | Valid 1.00 | Test 0.72	Train 1.00 | Valid 1.00 | Test 0.89	Train 1.00 | Valid 1.00 | Test 0.96
KPCB	ECFP6_512bits	Train 0.99 | Valid 1.00 | Test 0.76	Train 0.99 | Valid 1.00 | Test 0.72	Train 1.00 | Valid 1.00 | Test 0.89	Train 1.00 | Valid 1.00 | Test 0.96	Train 0.98 | Valid 0.98 | Test 0.71	Train 0.98 | Valid 0.98 | Test 0.66	Train 1.00 | Valid 0.94 | Test 0.86	Train 1.00 | Valid 0.96 | Test 0.96	Train 0.99 | Valid 1.00 | Test 0.76	Train 0.99 | Valid 1.00 | Test 0.72	Train 1.00 | Valid 1.00 | Test 0.89	Train 1.00 | Valid 1.00 | Test 0.96	Train 1.00 | Valid 1.00 | Test 0.76	Train 1.00 | Valid 1.00 | Test 0.72	Train 1.00 | Valid 1.00 | Test 0.89	Train 1.00 | Valid 1.00 | Test 0.96
MAPK2	ECFP4_256bits	Train 1.00 | Valid 0.96 | Test 0.84	Train 1.00 | Valid 0.97 | Test 0.82	Train 1.00 | Valid 0.91 | Test 0.88	Train 1.00 | Valid 0.93 | Test 0.93	Train 0.97 | Valid 0.96 | Test 0.80	Train 0.96 | Valid 0.97 | Test 0.77	Train 1.00 | Valid 0.91 | Test 0.86	Train 1.00 | Valid 0.93 | Test 0.93	Train 0.96 | Valid 0.96 | Test 0.72	Train 0.95 | Valid 0.97 | Test 0.67	Train 1.00 | Valid 0.91 | Test 0.80	Train 1.00 | Valid 0.93 | Test 0.93	Train 0.87 | Valid 0.92 | Test 0.64	Train 0.84 | Valid 0.90 | Test 0.57	Train 1.00 | Valid 1.00 | Test 0.67	Train 1.00 | Valid 1.00 | Test 0.93
MAPK2	ECFP4_512bits	Train 0.99 | Valid 1.00 | Test 0.72	Train 0.99 | Valid 1.00 | Test 0.67	Train 1.00 | Valid 1.00 | Test 0.80	Train 1.00 | Valid 1.00 | Test 0.93	Train 0.97 | Valid 1.00 | Test 0.80	Train 0.96 | Valid 1.00 | Test 0.77	Train 1.00 | Valid 1.00 | Test 0.86	Train 1.00 | Valid 1.00 | Test 0.93	Train 0.96 | Valid 1.00 | Test 0.76	Train 0.95 | Valid 1.00 | Test 0.72	Train 1.00 | Valid 1.00 | Test 0.83	Train 1.00 | Valid 1.00 | Test 0.93	Train 1.00 | Valid 1.00 | Test 0.76	Train 1.00 | Valid 1.00 | Test 0.72	Train 1.00 | Valid 1.00 | Test 0.83	Train 1.00 | Valid 1.00 | Test 0.93
MAPK2	ECFP6_256bits	Train 1.00 | Valid 0.96 | Test 0.80	Train 1.00 | Valid 0.97 | Test 0.77	Train 1.00 | Valid 0.91 | Test 0.86	Train 1.00 | Valid 0.93 | Test 0.93	Train 0.97 | Valid 0.96 | Test 0.80	Train 0.96 | Valid 0.97 | Test 0.77	Train 1.00 | Valid 0.91 | Test 0.86	Train 1.00 | Valid 0.93 | Test 0.93	Train 0.95 | Valid 1.00 | Test 0.76	Train 0.94 | Valid 1.00 | Test 0.72	Train 1.00 | Valid 1.00 | Test 0.83	Train 1.00 | Valid 1.00 | Test 0.93	Train 0.88 | Valid 0.96 | Test 0.68	Train 0.85 | Valid 0.95 | Test 0.60	Train 1.00 | Valid 1.00 | Test 1.00	Train 1.00 | Valid 1.00 | Test 1.00
MAPK2	ECFP6_512bits	Train 1.00 | Valid 1.00 | Test 0.76	Train 1.00 | Valid 1.00 | Test 0.72	Train 1.00 | Valid 1.00 | Test 0.83	Train 1.00 | Valid 1.00 | Test 0.93	Train 0.97 | Valid 1.00 | Test 0.76	Train 0.96 | Valid 1.00 | Test 0.72	Train 1.00 | Valid 1.00 | Test 0.83	Train 1.00 | Valid 1.00 | Test 0.93	Train 0.97 | Valid 1.00 | Test 0.72	Train 0.96 | Valid 1.00 | Test 0.67	Train 1.00 | Valid 1.00 | Test 0.80	Train 1.00 | Valid 1.00 | Test 0.93	Train 1.00 | Valid 1.00 | Test 0.76	Train 1.00 | Valid 1.00 | Test 0.72	Train 1.00 | Valid 1.00 | Test 0.83	Train 1.00 | Valid 1.00 | Test 0.93
MET	ECFP4_256bits	Train 0.99 | Valid 1.00 | Test 0.61	Train 0.99 | Valid 1.00 | Test 0.54	Train 1.00 | Valid 1.00 | Test 0.60	Train 1.00 | Valid 1.00 | Test 0.93	Train 1.00 | Valid 0.98 | Test 0.61	Train 1.00 | Valid 0.98 | Test 0.54	Train 1.00 | Valid 1.00 | Test 0.60	Train 1.00 | Valid 1.00 | Test 0.93	Train 0.98 | Valid 0.98 | Test 0.61	Train 0.98 | Valid 0.98 | Test 0.54	Train 1.00 | Valid 1.00 | Test 0.60	Train 1.00 | Valid 1.00 | Test 0.93	Train 0.91 | Valid 0.98 | Test 0.61	Train 0.89 | Valid 0.98 | Test 0.53	Train 1.00 | Valid 1.00 | Test 0.67	Train 1.00 | Valid 1.00 | Test 0.97
MET	ECFP4_512bits	Train 0.99 | Valid 1.00 | Test 0.61	Train 0.99 | Valid 1.00 | Test 0.54	Train 1.00 | Valid 1.00 | Test 0.60	Train 1.00 | Valid 1.00 | Test 0.93	Train 0.98 | Valid 1.00 | Test 0.63	Train 0.98 | Valid 1.00 | Test 0.57	Train 1.00 | Valid 1.00 | Test 0.67	Train 1.00 | Valid 1.00 | Test 0.93	Train 0.99 | Valid 1.00 | Test 0.65	Train 0.99 | Valid 1.00 | Test 0.59	Train 1.00 | Valid 1.00 | Test 0.71	Train 1.00 | Valid 1.00 | Test 0.93	Train 0.98 | Valid 0.98 | Test 0.61	Train 0.98 | Valid 0.98 | Test 0.56	Train 1.00 | Valid 1.00 | Test 0.56	Train 1.00 | Valid 1.00 | Test 0.86
MET	ECFP6_256bits	Train 1.00 | Valid 1.00 | Test 0.63	Train 1.00 | Valid 1.00 | Test 0.56	Train 1.00 | Valid 1.00 | Test 0.75	Train 1.00 | Valid 1.00 | Test 0.97	Train 0.99 | Valid 0.98 | Test 0.63	Train 0.99 | Valid 0.98 | Test 0.56	Train 1.00 | Valid 0.95 | Test 0.75	Train 1.00 | Valid 0.97 | Test 0.97	Train 0.99 | Valid 1.00 | Test 0.63	Train 0.99 | Valid 1.00 | Test 0.56	Train 1.00 | Valid 1.00 | Test 0.75	Train 1.00 | Valid 1.00 | Test 0.97	Train 0.96 | Valid 0.98 | Test 0.61	Train 0.95 | Valid 0.98 | Test 0.53	Train 1.00 | Valid 1.00 | Test 0.67	Train 1.00 | Valid 1.00 | Test 0.97
MET	ECFP6_512bits	Train 1.00 | Valid 1.00 | Test 0.61	Train 1.00 | Valid 1.00 | Test 0.53	Train 1.00 | Valid 1.00 | Test 0.67	Train 1.00 | Valid 1.00 | Test 0.97	Train 0.99 | Valid 0.98 | Test 0.65	Train 0.99 | Valid 0.98 | Test 0.58	Train 1.00 | Valid 0.95 | Test 0.80	Train 1.00 | Valid 0.97 | Test 0.97	Train 0.99 | Valid 0.98 | Test 0.63	Train 0.99 | Valid 0.98 | Test 0.56	Train 1.00 | Valid 1.00 | Test 0.75	Train 1.00 | Valid 1.00 | Test 0.97	Train 0.95 | Valid 0.98 | Test 0.57	Train 0.94 | Valid 0.98 | Test 0.51	Train 1.00 | Valid 1.00 | Test 0.43	Train 1.00 | Valid 1.00 | Test 0.86
MK10	ECFP4_256bits	Train 1.00 | Valid 1.00 | Test 0.62	Train 1.00 | Valid 1.00 | Test 0.56	Train 1.00 | Valid 1.00 | Test 0.50	Train 1.00 | Valid 1.00 | Test 0.81	Train 1.00 | Valid 0.92 | Test 0.65	Train 1.00 | Valid 0.94 | Test 0.61	Train 1.00 | Valid 0.83 | Test 0.57	Train 1.00 | Valid 0.88 | Test 0.81	Train 0.99 | Valid 1.00 | Test 0.69	Train 0.99 | Valid 1.00 | Test 0.64	Train 1.00 | Valid 1.00 | Test 0.67	Train 1.00 | Valid 1.00 | Test 0.88	Train 1.00 | Valid 1.00 | Test 0.69	Train 1.00 | Valid 1.00 | Test 0.66	Train 1.00 | Valid 1.00 | Test 0.62	Train 1.00 | Valid 1.00 | Test 0.81
MK10	ECFP4_512bits	Train 1.00 | Valid 1.00 | Test 0.69	Train 1.00 | Valid 1.00 | Test 0.62	Train 1.00 | Valid 1.00 | Test 0.75	Train 1.00 | Valid 1.00 | Test 0.94	Train 1.00 | Valid 0.96 | Test 0.65	Train 1.00 | Valid 0.97 | Test 0.59	Train 1.00 | Valid 0.91 | Test 0.60	Train 1.00 | Valid 0.94 | Test 0.88	Train 1.00 | Valid 1.00 | Test 0.69	Train 1.00 | Valid 1.00 | Test 0.64	Train 1.00 | Valid 1.00 | Test 0.67	Train 1.00 | Valid 1.00 | Test 0.88	Train 1.00 | Valid 1.00 | Test 0.65	Train 1.00 | Valid 1.00 | Test 0.57	Train 1.00 | Valid 1.00 | Test 0.67	Train 1.00 | Valid 1.00 | Test 0.94
MK10	ECFP6_256bits	Train 1.00 | Valid 1.00 | Test 0.65	Train 1.00 | Valid 1.00 | Test 0.59	Train 1.00 | Valid 1.00 | Test 0.60	Train 1.00 | Valid 1.00 | Test 0.88	Train 0.96 | Valid 1.00 | Test 0.62	Train 0.96 | Valid 1.00 | Test 0.56	Train 0.98 | Valid 1.00 | Test 0.50	Train 0.98 | Valid 1.00 | Test 0.81	Train 1.00 | Valid 1.00 | Test 0.69	Train 1.00 | Valid 1.00 | Test 0.62	Train 1.00 | Valid 1.00 | Test 0.75	Train 1.00 | Valid 1.00 | Test 0.94	Train 1.00 | Valid 1.00 | Test 0.62	Train 1.00 | Valid 1.00 | Test 0.56	Train 1.00 | Valid 1.00 | Test 0.50	Train 1.00 | Valid 1.00 | Test 0.81
MK10	ECFP6_512bits	Train 1.00 | Valid 1.00 | Test 0.65	Train 1.00 | Valid 1.00 | Test 0.57	Train 1.00 | Valid 1.00 | Test 0.67	Train 1.00 | Valid 1.00 | Test 0.94	Train 1.00 | Valid 1.00 | Test 0.62	Train 1.00 | Valid 1.00 | Test 0.54	Train 1.00 | Valid 1.00 | Test 0.50	Train 1.00 | Valid 1.00 | Test 0.88	Train 1.00 | Valid 1.00 | Test 0.69	Train 1.00 | Valid 1.00 | Test 0.62	Train 1.00 | Valid 1.00 | Test 0.75	Train 1.00 | Valid 1.00 | Test 0.94	Train 1.00 | Valid 1.00 | Test 0.73	Train 1.00 | Valid 1.00 | Test 0.69	Train 1.00 | Valid 1.00 | Test 0.71	Train 1.00 | Valid 1.00 | Test 0.88
MP2K1	ECFP4_256bits	Train 0.98 | Valid 1.00 | Test 0.63	Train 0.97 | Valid 1.00 | Test 0.55	Train 1.00 | Valid 1.00 | Test 0.67	Train 1.00 | Valid 1.00 | Test 0.95	Train 0.98 | Valid 1.00 | Test 0.60	Train 0.97 | Valid 1.00 | Test 0.52	Train 1.00 | Valid 1.00 | Test 0.50	Train 1.00 | Valid 1.00 | Test 0.90	Train 0.98 | Valid 1.00 | Test 0.69	Train 0.97 | Valid 1.00 | Test 0.61	Train 1.00 | Valid 1.00 | Test 1.00	Train 1.00 | Valid 1.00 | Test 1.00	Train 1.00 | Valid 1.00 | Test 0.71	Train 1.00 | Valid 1.00 | Test 0.67	Train 1.00 | Valid 1.00 | Test 0.75	Train 1.00 | Valid 1.00 | Test 0.90
MP2K1	ECFP4_512bits	Train 0.98 | Valid 1.00 | Test 0.69	Train 0.97 | Valid 1.00 | Test 0.61	Train 1.00 | Valid 1.00 | Test 1.00	Train 1.00 | Valid 1.00 | Test 1.00	Train 0.98 | Valid 1.00 | Test 0.66	Train 0.97 | Valid 1.00 | Test 0.58	Train 1.00 | Valid 1.00 | Test 0.75	Train 1.00 | Valid 1.00 | Test 0.95	Train 0.98 | Valid 1.00 | Test 0.69	Train 0.97 | Valid 1.00 | Test 0.61	Train 1.00 | Valid 1.00 | Test 1.00	Train 1.00 | Valid 1.00 | Test 1.00	Train 1.00 | Valid 1.00 | Test 0.69	Train 1.00 | Valid 1.00 | Test 0.63	Train 1.00 | Valid 1.00 | Test 0.71	Train 1.00 | Valid 1.00 | Test 0.90
MP2K1	ECFP6_256bits	Train 0.99 | Valid 1.00 | Test 0.63	Train 0.99 | Valid 1.00 | Test 0.55	Train 1.00 | Valid 1.00 | Test 0.67	Train 1.00 | Valid 1.00 | Test 0.95	Train 0.99 | Valid 1.00 | Test 0.57	Train 0.98 | Valid 1.00 | Test 0.50	Train 1.00 | Valid 1.00 | Test 0.40	Train 1.00 | Valid 1.00 | Test 0.86	Train 0.98 | Valid 1.00 | Test 0.66	Train 0.97 | Valid 1.00 | Test 0.57	Train 1.00 | Valid 1.00 | Test 1.00	Train 1.00 | Valid 1.00 | Test 1.00	Train 1.00 | Valid 1.00 | Test 0.63	Train 1.00 | Valid 1.00 | Test 0.55	Train 1.00 | Valid 1.00 | Test 0.67	Train 1.00 | Valid 1.00 | Test 0.95
MP2K1	ECFP6_512bits	Train 0.98 | Valid 1.00 | Test 0.66	Train 0.97 | Valid 1.00 | Test 0.57	Train 1.00 | Valid 1.00 | Test 1.00	Train 1.00 | Valid 1.00 | Test 1.00	Train 0.98 | Valid 1.00 | Test 0.66	Train 0.97 | Valid 1.00 | Test 0.57	Train 1.00 | Valid 1.00 | Test 1.00	Train 1.00 | Valid 1.00 | Test 1.00	Train 0.98 | Valid 1.00 | Test 0.69	Train 0.97 | Valid 1.00 | Test 0.61	Train 1.00 | Valid 1.00 | Test 1.00	Train 1.00 | Valid 1.00 | Test 1.00	Train 0.98 | Valid 1.00 | Test 0.66	Train 0.97 | Valid 1.00 | Test 0.57	Train 1.00 | Valid 1.00 | Test 1.00	Train 1.00 | Valid 1.00 | Test 1.00
PIM1	ECFP4_256bits	Train 0.99 | Valid 0.96 | Test 1.00	Train 0.99 | Valid 0.95 | Test 1.00	Train 1.00 | Valid 1.00 | Test 1.00	Train 1.00 | Valid 1.00 | Test 1.00	Train 0.96 | Valid 0.93 | Test 0.98	Train 0.96 | Valid 0.92 | Test 0.97	Train 0.98 | Valid 1.00 | Test 1.00	Train 0.99 | Valid 1.00 | Test 1.00	Train 1.00 | Valid 0.92 | Test 0.95	Train 1.00 | Valid 0.90 | Test 0.93	Train 1.00 | Valid 1.00 | Test 1.00	Train 1.00 | Valid 1.00 | Test 1.00	Train 0.87 | Valid 0.89 | Test 0.94	Train 0.85 | Valid 0.87 | Test 0.92	Train 0.91 | Valid 0.98 | Test 1.00	Train 0.95 | Valid 0.99 | Test 1.00
PIM1	ECFP4_512bits	Train 0.97 | Valid 0.98 | Test 0.99	Train 0.97 | Valid 0.98 | Test 0.99	Train 0.98 | Valid 1.00 | Test 1.00	Train 0.98 | Valid 1.00 | Test 1.00	Train 0.93 | Valid 0.91 | Test 0.93	Train 0.92 | Valid 0.89 | Test 0.92	Train 0.99 | Valid 1.00 | Test 1.00	Train 1.00 | Valid 1.00 | Test 1.00	Train 1.00 | Valid 0.84 | Test 0.86	Train 1.00 | Valid 0.80 | Test 0.82	Train 1.00 | Valid 1.00 | Test 1.00	Train 1.00 | Valid 1.00 | Test 1.00	Train 0.95 | Valid 0.97 | Test 0.97	Train 0.94 | Valid 0.96 | Test 0.96	Train 0.97 | Valid 1.00 | Test 1.00	Train 0.98 | Valid 1.00 | Test 1.00
PIM1	ECFP6_256bits	Train 1.00 | Valid 0.94 | Test 0.98	Train 1.00 | Valid 0.92 | Test 0.98	Train 1.00 | Valid 1.00 | Test 1.00	Train 1.00 | Valid 1.00 | Test 1.00	Train 0.94 | Valid 0.87 | Test 0.92	Train 0.93 | Valid 0.84 | Test 0.91	Train 1.00 | Valid 1.00 | Test 1.00	Train 1.00 | Valid 1.00 | Test 1.00	Train 1.00 | Valid 0.65 | Test 0.64	Train 1.00 | Valid 0.57 | Test 0.56	Train 1.00 | Valid 1.00 | Test 1.00	Train 1.00 | Valid 1.00 | Test 1.00	Train 0.92 | Valid 0.89 | Test 0.95	Train 0.90 | Valid 0.87 | Test 0.94	Train 0.96 | Valid 1.00 | Test 1.00	Train 0.98 | Valid 1.00 | Test 1.00
PIM1	ECFP6_512bits	Train 0.99 | Valid 0.98 | Test 0.99	Train 0.99 | Valid 0.97 | Test 0.99	Train 1.00 | Valid 1.00 | Test 1.00	Train 1.00 | Valid 1.00 | Test 1.00	Train 1.00 | Valid 0.98 | Test 0.97	Train 1.00 | Valid 0.97 | Test 0.96	Train 1.00 | Valid 1.00 | Test 1.00	Train 1.00 | Valid 1.00 | Test 1.00	Train 0.98 | Valid 0.98 | Test 0.98	Train 0.97 | Valid 0.97 | Test 0.98	Train 1.00 | Valid 1.00 | Test 1.00	Train 1.00 | Valid 1.00 | Test 1.00	Train 0.91 | Valid 0.89 | Test 0.92	Train 0.88 | Valid 0.86 | Test 0.90	Train 0.98 | Valid 1.00 | Test 1.00	Train 0.99 | Valid 1.00 | Test 1.00
PLK1	ECFP4_256bits	Train 1.00 | Valid 1.00 | Test 0.68	Train 1.00 | Valid 1.00 | Test 0.61	Train 1.00 | Valid 1.00 | Test 0.75	Train 1.00 | Valid 1.00 | Test 0.94	Train 0.98 | Valid 1.00 | Test 0.68	Train 0.98 | Valid 1.00 | Test 0.61	Train 1.00 | Valid 1.00 | Test 0.75	Train 1.00 | Valid 1.00 | Test 0.94	Train 0.98 | Valid 1.00 | Test 0.68	Train 0.98 | Valid 1.00 | Test 0.61	Train 1.00 | Valid 1.00 | Test 0.75	Train 1.00 | Valid 1.00 | Test 0.94	Train 0.96 | Valid 1.00 | Test 0.61	Train 0.95 | Valid 1.00 | Test 0.52	Train 1.00 | Valid 1.00 | Test 0.50	Train 1.00 | Valid 1.00 | Test 0.94
PLK1	ECFP4_512bits	Train 1.00 | Valid 1.00 | Test 0.64	Train 1.00 | Valid 1.00 | Test 0.56	Train 1.00 | Valid 1.00 | Test 0.67	Train 1.00 | Valid 1.00 | Test 0.94	Train 0.97 | Valid 1.00 | Test 0.64	Train 0.97 | Valid 1.00 | Test 0.56	Train 1.00 | Valid 1.00 | Test 0.67	Train 1.00 | Valid 1.00 | Test 0.94	Train 0.98 | Valid 1.00 | Test 0.64	Train 0.98 | Valid 1.00 | Test 0.56	Train 1.00 | Valid 1.00 | Test 0.67	Train 1.00 | Valid 1.00 | Test 0.94	Train 1.00 | Valid 1.00 | Test 0.68	Train 1.00 | Valid 1.00 | Test 0.61	Train 1.00 | Valid 1.00 | Test 0.75	Train 1.00 | Valid 1.00 | Test 0.94
PLK1	ECFP6_256bits	Train 1.00 | Valid 1.00 | Test 0.64	Train 1.00 | Valid 1.00 | Test 0.56	Train 1.00 | Valid 1.00 | Test 0.67	Train 1.00 | Valid 1.00 | Test 0.94	Train 0.99 | Valid 1.00 | Test 0.68	Train 0.99 | Valid 1.00 | Test 0.61	Train 1.00 | Valid 1.00 | Test 0.75	Train 1.00 | Valid 1.00 | Test 0.94	Train 0.98 | Valid 1.00 | Test 0.61	Train 0.98 | Valid 1.00 | Test 0.52	Train 1.00 | Valid 1.00 | Test 0.50	Train 1.00 | Valid 1.00 | Test 0.94	Train 1.00 | Valid 1.00 | Test 0.64	Train 1.00 | Valid 1.00 | Test 0.56	Train 1.00 | Valid 1.00 | Test 0.67	Train 1.00 | Valid 1.00 | Test 0.94
PLK1	ECFP6_512bits	Train 1.00 | Valid 1.00 | Test 0.64	Train 1.00 | Valid 1.00 | Test 0.56	Train 1.00 | Valid 1.00 | Test 0.67	Train 1.00 | Valid 1.00 | Test 0.94	Train 0.99 | Valid 1.00 | Test 0.64	Train 0.99 | Valid 1.00 | Test 0.56	Train 1.00 | Valid 1.00 | Test 0.67	Train 1.00 | Valid 1.00 | Test 0.94	Train 0.98 | Valid 1.00 | Test 0.61	Train 0.98 | Valid 1.00 | Test 0.52	Train 1.00 | Valid 1.00 | Test 0.50	Train 1.00 | Valid 1.00 | Test 0.94	Train 1.00 | Valid 1.00 | Test 0.64	Train 1.00 | Valid 1.00 | Test 0.56	Train 1.00 | Valid 1.00 | Test 0.67	Train 1.00 | Valid 1.00 | Test 0.94
ROCK1	ECFP4_256bits	Train 1.00 | Valid 1.00 | Test 0.60	Train 1.00 | Valid 1.00 | Test 0.55	Train 1.00 | Valid 1.00 | Test 0.50	Train 1.00 | Valid 1.00 | Test 0.80	Train 1.00 | Valid 1.00 | Test 0.60	Train 1.00 | Valid 1.00 | Test 0.58	Train 1.00 | Valid 1.00 | Test 0.50	Train 1.00 | Valid 1.00 | Test 0.67	Train 0.97 | Valid 1.00 | Test 0.60	Train 0.97 | Valid 1.00 | Test 0.55	Train 0.97 | Valid 1.00 | Test 0.50	Train 0.98 | Valid 1.00 | Test 0.80	Train 0.95 | Valid 0.96 | Test 0.64	Train 0.94 | Valid 0.95 | Test 0.55	Train 1.00 | Valid 1.00 | Test 1.00	Train 1.00 | Valid 1.00 | Test 1.00
ROCK1	ECFP4_512bits	Train 1.00 | Valid 1.00 | Test 0.64	Train 1.00 | Valid 1.00 | Test 0.62	Train 1.00 | Valid 1.00 | Test 0.56	Train 1.00 | Valid 1.00 | Test 0.73	Train 0.99 | Valid 1.00 | Test 0.56	Train 0.99 | Valid 1.00 | Test 0.53	Train 1.00 | Valid 1.00 | Test 0.44	Train 1.00 | Valid 1.00 | Test 0.67	Train 0.98 | Valid 1.00 | Test 0.60	Train 0.98 | Valid 1.00 | Test 0.57	Train 1.00 | Valid 1.00 | Test 0.50	Train 1.00 | Valid 1.00 | Test 0.73	Train 1.00 | Valid 0.88 | Test 0.64	Train 1.00 | Valid 0.85 | Test 0.57	Train 1.00 | Valid 1.00 | Test 0.67	Train 1.00 | Valid 1.00 | Test 0.93
ROCK1	ECFP6_256bits	Train 1.00 | Valid 1.00 | Test 0.60	Train 1.00 | Valid 1.00 | Test 0.57	Train 1.00 | Valid 1.00 | Test 0.50	Train 1.00 | Valid 1.00 | Test 0.73	Train 1.00 | Valid 1.00 | Test 0.64	Train 1.00 | Valid 1.00 | Test 0.62	Train 1.00 | Valid 1.00 | Test 0.56	Train 1.00 | Valid 1.00 | Test 0.73	Train 0.99 | Valid 0.96 | Test 0.60	Train 0.99 | Valid 0.97 | Test 0.57	Train 1.00 | Valid 0.91 | Test 0.50	Train 1.00 | Valid 0.93 | Test 0.73	Train 0.96 | Valid 1.00 | Test 0.60	Train 0.95 | Valid 1.00 | Test 0.52	Train 1.00 | Valid 1.00 | Test 0.50	Train 1.00 | Valid 1.00 | Test 0.93
ROCK1	ECFP6_512bits	Train 1.00 | Valid 1.00 | Test 0.56	Train 1.00 | Valid 1.00 | Test 0.52	Train 1.00 | Valid 1.00 | Test 0.43	Train 1.00 | Valid 1.00 | Test 0.73	Train 0.97 | Valid 1.00 | Test 0.56	Train 0.97 | Valid 1.00 | Test 0.53	Train 0.97 | Valid 1.00 | Test 0.44	Train 0.98 | Valid 1.00 | Test 0.67	Train 1.00 | Valid 1.00 | Test 0.56	Train 1.00 | Valid 1.00 | Test 0.50	Train 1.00 | Valid 1.00 | Test 0.40	Train 1.00 | Valid 1.00 | Test 0.80	Train 1.00 | Valid 1.00 | Test 0.56	Train 1.00 | Valid 1.00 | Test 0.50	Train 1.00 | Valid 1.00 | Test 0.40	Train 1.00 | Valid 1.00 | Test 0.80
SYK	ECFP4_256bits	Train 0.99 | Valid 0.98 | Test 1.00	Train 0.99 | Valid 0.98 | Test 1.00	Train 0.98 | Valid 0.98 | Test 1.00	Train 0.99 | Valid 0.99 | Test 1.00	Train 1.00 | Valid 0.97 | Test 1.00	Train 1.00 | Valid 0.97 | Test 1.00	Train 1.00 | Valid 1.00 | Test 1.00	Train 1.00 | Valid 1.00 | Test 1.00	Train 1.00 | Valid 0.97 | Test 0.99	Train 1.00 | Valid 0.97 | Test 0.99	Train 1.00 | Valid 1.00 | Test 1.00	Train 1.00 | Valid 1.00 | Test 1.00	Train 0.90 | Valid 0.93 | Test 0.94	Train 0.89 | Valid 0.92 | Test 0.93	Train 0.96 | Valid 0.98 | Test 0.98	Train 0.98 | Valid 0.99 | Test 0.99
SYK	ECFP4_512bits	Train 0.99 | Valid 0.98 | Test 1.00	Train 0.99 | Valid 0.97 | Test 1.00	Train 0.99 | Valid 1.00 | Test 1.00	Train 0.99 | Valid 1.00 | Test 1.00	Train 1.00 | Valid 0.97 | Test 1.00	Train 1.00 | Valid 0.97 | Test 1.00	Train 1.00 | Valid 1.00 | Test 1.00	Train 1.00 | Valid 1.00 | Test 1.00	Train 1.00 | Valid 0.88 | Test 0.92	Train 1.00 | Valid 0.85 | Test 0.91	Train 1.00 | Valid 1.00 | Test 1.00	Train 1.00 | Valid 1.00 | Test 1.00	Train 0.95 | Valid 0.94 | Test 0.95	Train 0.94 | Valid 0.94 | Test 0.94	Train 0.96 | Valid 0.95 | Test 0.95	Train 0.98 | Valid 0.97 | Test 0.97
SYK	ECFP6_256bits	Train 1.00 | Valid 0.98 | Test 0.99	Train 1.00 | Valid 0.97 | Test 0.99	Train 1.00 | Valid 1.00 | Test 1.00	Train 1.00 | Valid 1.00 | Test 1.00	Train 0.98 | Valid 0.97 | Test 0.98	Train 0.98 | Valid 0.96 | Test 0.97	Train 0.99 | Valid 0.98 | Test 1.00	Train 0.99 | Valid 0.99 | Test 1.00	Train 1.00 | Valid 0.77 | Test 0.75	Train 1.00 | Valid 0.72 | Test 0.69	Train 1.00 | Valid 1.00 | Test 1.00	Train 1.00 | Valid 1.00 | Test 1.00	Train 0.87 | Valid 0.90 | Test 0.92	Train 0.84 | Valid 0.88 | Test 0.90	Train 0.96 | Valid 1.00 | Test 0.98	Train 0.98 | Valid 1.00 | Test 0.99
SYK	ECFP6_512bits	Train 0.99 | Valid 0.98 | Test 0.99	Train 0.99 | Valid 0.97 | Test 0.99	Train 0.99 | Valid 1.00 | Test 1.00	Train 0.99 | Valid 1.00 | Test 1.00	Train 1.00 | Valid 0.97 | Test 0.98	Train 1.00 | Valid 0.97 | Test 0.97	Train 1.00 | Valid 1.00 | Test 1.00	Train 1.00 | Valid 1.00 | Test 1.00	Train 1.00 | Valid 0.99 | Test 1.00	Train 1.00 | Valid 0.98 | Test 1.00	Train 1.00 | Valid 1.00 | Test 1.00	Train 1.00 | Valid 1.00 | Test 1.00	Train 0.90 | Valid 0.94 | Test 0.96	Train 0.88 | Valid 0.93 | Test 0.95	Train 0.96 | Valid 0.98 | Test 0.98	Train 0.98 | Valid 0.99 | Test 0.99
TRKA	ECFP4_256bits	Train 0.99 | Valid 0.98 | Test 0.99	Train 1.00 | Valid 0.98 | Test 0.99	Train 0.99 | Valid 1.00 | Test 1.00	Train 0.99 | Valid 1.00 | Test 1.00	Train 0.97 | Valid 0.98 | Test 0.99	Train 0.96 | Valid 0.97 | Test 0.99	Train 0.99 | Valid 1.00 | Test 1.00	Train 0.99 | Valid 1.00 | Test 1.00	Train 0.83 | Valid 0.90 | Test 0.96	Train 0.79 | Valid 0.87 | Test 0.95	Train 0.98 | Valid 1.00 | Test 1.00	Train 0.99 | Valid 1.00 | Test 1.00	Train 0.87 | Valid 0.91 | Test 0.98	Train 0.84 | Valid 0.88 | Test 0.97	Train 0.98 | Valid 1.00 | Test 1.00	Train 0.99 | Valid 1.00 | Test 1.00
TRKA	ECFP4_512bits	Train 0.95 | Valid 0.97 | Test 0.99	Train 0.94 | Valid 0.96 | Test 0.99	Train 0.98 | Valid 1.00 | Test 1.00	Train 0.99 | Valid 1.00 | Test 1.00	Train 0.99 | Valid 0.98 | Test 0.99	Train 0.99 | Valid 0.98 | Test 0.99	Train 0.99 | Valid 1.00 | Test 1.00	Train 0.99 | Valid 1.00 | Test 1.00	Train 1.00 | Valid 0.96 | Test 0.99	Train 1.00 | Valid 0.95 | Test 0.99	Train 1.00 | Valid 1.00 | Test 1.00	Train 1.00 | Valid 1.00 | Test 1.00	Train 0.83 | Valid 0.88 | Test 0.94	Train 0.79 | Valid 0.86 | Test 0.92	Train 0.98 | Valid 0.97 | Test 1.00	Train 0.99 | Valid 0.99 | Test 1.00
TRKA	ECFP6_256bits	Train 0.99 | Valid 0.98 | Test 0.99	Train 0.99 | Valid 0.98 | Test 0.99	Train 0.99 | Valid 1.00 | Test 1.00	Train 0.99 | Valid 1.00 | Test 1.00	Train 1.00 | Valid 0.98 | Test 0.99	Train 1.00 | Valid 0.98 | Test 0.99	Train 1.00 | Valid 1.00 | Test 1.00	Train 1.00 | Valid 1.00 | Test 1.00	Train 0.81 | Valid 0.84 | Test 0.97	Train 0.76 | Valid 0.80 | Test 0.96	Train 0.98 | Valid 1.00 | Test 1.00	Train 0.99 | Valid 1.00 | Test 1.00	Train 0.97 | Valid 0.95 | Test 0.98	Train 0.96 | Valid 0.94 | Test 0.98	Train 0.97 | Valid 1.00 | Test 0.98	Train 0.98 | Valid 1.00 | Test 0.99
TRKA	ECFP6_512bits	Train 0.96 | Valid 0.97 | Test 0.99	Train 0.95 | Valid 0.96 | Test 0.99	Train 0.98 | Valid 1.00 | Test 1.00	Train 0.99 | Valid 1.00 | Test 1.00	Train 0.98 | Valid 0.97 | Test 0.99	Train 0.98 | Valid 0.96 | Test 0.99	Train 0.99 | Valid 1.00 | Test 1.00	Train 0.99 | Valid 1.00 | Test 1.00	Train 0.98 | Valid 0.98 | Test 0.99	Train 0.98 | Valid 0.98 | Test 0.99	Train 0.99 | Valid 1.00 | Test 1.00	Train 0.99 | Valid 1.00 | Test 1.00	Train 0.94 | Valid 0.95 | Test 0.98	Train 0.93 | Valid 0.94 | Test 0.98	Train 0.98 | Valid 0.98 | Test 0.98	Train 0.99 | Valid 0.99 | Test 0.99
VGFR2	ECFP4_256bits	Train 1.00 | Valid 0.99 | Test 0.56	Train 1.00 | Valid 1.00 | Test 0.52	Train 1.00 | Valid 0.99 | Test 0.43	Train 1.00 | Valid 0.99 | Test 0.70	Train 0.99 | Valid 0.99 | Test 0.56	Train 0.99 | Valid 0.99 | Test 0.52	Train 1.00 | Valid 0.99 | Test 0.43	Train 1.00 | Valid 0.99 | Test 0.70	Train 0.89 | Valid 0.92 | Test 0.57	Train 0.86 | Valid 0.90 | Test 0.49	Train 1.00 | Valid 1.00 | Test 0.33	Train 1.00 | Valid 1.00 | Test 0.89	Train 0.97 | Valid 0.96 | Test 0.52	Train 0.97 | Valid 0.96 | Test 0.51	Train 0.98 | Valid 0.91 | Test 0.41	Train 0.99 | Valid 0.94 | Test 0.53
VGFR2	ECFP4_512bits	Train 0.99 | Valid 0.98 | Test 0.58	Train 0.99 | Valid 0.99 | Test 0.56	Train 1.00 | Valid 0.96 | Test 0.47	Train 1.00 | Valid 0.97 | Test 0.66	Train 1.00 | Valid 0.99 | Test 0.59	Train 1.00 | Valid 1.00 | Test 0.57	Train 1.00 | Valid 0.99 | Test 0.49	Train 1.00 | Valid 0.99 | Test 0.66	Train 0.90 | Valid 0.94 | Test 0.57	Train 0.88 | Valid 0.93 | Test 0.50	Train 1.00 | Valid 1.00 | Test 0.38	Train 1.00 | Valid 1.00 | Test 0.88	Train 0.98 | Valid 0.98 | Test 0.53	Train 0.98 | Valid 0.99 | Test 0.52	Train 1.00 | Valid 0.96 | Test 0.42	Train 1.00 | Valid 0.97 | Test 0.60
VGFR2	ECFP6_256bits	Train 1.00 | Valid 1.00 | Test 0.58	Train 1.00 | Valid 1.00 | Test 0.53	Train 1.00 | Valid 1.00 | Test 0.46	Train 1.00 | Valid 1.00 | Test 0.80	Train 0.99 | Valid 0.99 | Test 0.57	Train 0.99 | Valid 0.99 | Test 0.53	Train 1.00 | Valid 0.99 | Test 0.45	Train 1.00 | Valid 0.99 | Test 0.76	Train 0.79 | Valid 0.79 | Test 0.60	Train 0.74 | Valid 0.74 | Test 0.51	Train 1.00 | Valid 1.00 | Test 0.50	Train 1.00 | Valid 1.00 | Test 0.96	Train 0.93 | Valid 0.91 | Test 0.56	Train 0.91 | Valid 0.89 | Test 0.50	Train 0.99 | Valid 0.95 | Test 0.39	Train 0.99 | Valid 0.97 | Test 0.79
VGFR2	ECFP6_512bits	Train 1.00 | Valid 0.98 | Test 0.60	Train 0.99 | Valid 0.98 | Test 0.56	Train 1.00 | Valid 0.97 | Test 0.50	Train 1.00 | Valid 0.98 | Test 0.76	Train 1.00 | Valid 0.98 | Test 0.58	Train 1.00 | Valid 0.99 | Test 0.55	Train 1.00 | Valid 0.96 | Test 0.47	Train 1.00 | Valid 0.97 | Test 0.68	Train 0.84 | Valid 0.84 | Test 0.61	Train 0.79 | Valid 0.81 | Test 0.52	Train 1.00 | Valid 1.00 | Test 0.56	Train 1.00 | Valid 1.00 | Test 0.96	Train 0.98 | Valid 0.97 | Test 0.57	Train 0.98 | Valid 0.97 | Test 0.54	Train 0.99 | Valid 0.96 | Test 0.46	Train 1.00 | Valid 0.97 | Test 0.69
WEE1	ECFP4_256bits	Train 1.00 | Valid 1.00 | Test 0.72	Train 1.00 | Valid 1.00 | Test 0.67	Train 1.00 | Valid 1.00 | Test 0.80	Train 1.00 | Valid 1.00 | Test 0.93	Train 1.00 | Valid 1.00 | Test 0.76	Train 1.00 | Valid 1.00 | Test 0.72	Train 1.00 | Valid 1.00 | Test 0.83	Train 1.00 | Valid 1.00 | Test 0.93	Train 1.00 | Valid 1.00 | Test 0.76	Train 1.00 | Valid 1.00 | Test 0.72	Train 1.00 | Valid 1.00 | Test 0.83	Train 1.00 | Valid 1.00 | Test 0.93	Train 1.00 | Valid 1.00 | Test 0.76	Train 1.00 | Valid 1.00 | Test 0.72	Train 1.00 | Valid 1.00 | Test 0.83	Train 1.00 | Valid 1.00 | Test 0.93
WEE1	ECFP4_512bits	Train 1.00 | Valid 1.00 | Test 0.76	Train 1.00 | Valid 1.00 | Test 0.72	Train 1.00 | Valid 1.00 | Test 0.83	Train 1.00 | Valid 1.00 | Test 0.93	Train 1.00 | Valid 1.00 | Test 0.76	Train 1.00 | Valid 1.00 | Test 0.72	Train 1.00 | Valid 1.00 | Test 0.83	Train 1.00 | Valid 1.00 | Test 0.93	Train 1.00 | Valid 1.00 | Test 0.76	Train 1.00 | Valid 1.00 | Test 0.72	Train 1.00 | Valid 1.00 | Test 0.83	Train 1.00 | Valid 1.00 | Test 0.93	Train 1.00 | Valid 1.00 | Test 0.76	Train 1.00 | Valid 1.00 | Test 0.72	Train 1.00 | Valid 1.00 | Test 0.83	Train 1.00 | Valid 1.00 | Test 0.93
WEE1	ECFP6_256bits	Train 1.00 | Valid 1.00 | Test 0.72	Train 1.00 | Valid 1.00 | Test 0.67	Train 1.00 | Valid 1.00 | Test 0.80	Train 1.00 | Valid 1.00 | Test 0.93	Train 1.00 | Valid 1.00 | Test 0.76	Train 1.00 | Valid 1.00 | Test 0.72	Train 1.00 | Valid 1.00 | Test 0.83	Train 1.00 | Valid 1.00 | Test 0.93	Train 1.00 | Valid 1.00 | Test 0.72	Train 1.00 | Valid 1.00 | Test 0.67	Train 1.00 | Valid 1.00 | Test 0.80	Train 1.00 | Valid 1.00 | Test 0.93	Train 1.00 | Valid 1.00 | Test 0.72	Train 1.00 | Valid 1.00 | Test 0.67	Train 1.00 | Valid 1.00 | Test 0.80	Train 1.00 | Valid 1.00 | Test 0.93
WEE1	ECFP6_512bits	Train 1.00 | Valid 1.00 | Test 0.72	Train 1.00 | Valid 1.00 | Test 0.67	Train 1.00 | Valid 1.00 | Test 0.80	Train 1.00 | Valid 1.00 | Test 0.93	Train 1.00 | Valid 1.00 | Test 0.76	Train 1.00 | Valid 1.00 | Test 0.72	Train 1.00 | Valid 1.00 | Test 0.83	Train 1.00 | Valid 1.00 | Test 0.93	Train 1.00 | Valid 1.00 | Test 0.76	Train 1.00 | Valid 1.00 | Test 0.72	Train 1.00 | Valid 1.00 | Test 0.83	Train 1.00 | Valid 1.00 | Test 0.93	Train 1.00 | Valid 1.00 | Test 0.76	Train 1.00 | Valid 1.00 | Test 0.72	Train 1.00 | Valid 1.00 | Test 0.83	Train 1.00 | Valid 1.00 | Test 0.93
